ID_MAN_CO;FUND_NUMBER;FUND_NAME;FUND_CCY;ISIN;SECURITY_NAME;TYPE_INSTR;INSTRUMENT_CCY;INSTRUMENT_PRICE;INSTRUMENT_PRICE_EUR;PRICE_DATE;FX_RATE;TRANSACTION_TYPE;EXECUTION_DATE;TRANSACTION_CCY;QUANTITY;AMOUNT_TRANSACTION_CCY;AMOUNT_FUND_CCY;AMOUNT_TRANSACTION_EUR;FX_RATE_EUR;FX_RATE_DATE;MATURITY_DATE;MIC_CODE;TRANSACTION_PRICE;UNREALIZED_PNL;CANCEL_ANULATION;FLAG_FEEDER;Reporting Period
343;274380;DECALIA SICAV-CIRCULAR ECONOMY;USD;US03662Q1058;ANSYS;share;USD;325.99498;277.371525;03/03/2021;1;Sale on stock market ~;03/03/2021;USD;2500;814987.46;814987.46;693428.820391;.850846;31/03/2021;;;325.99498;;20;N;31/03/2021
343;274380;DECALIA SICAV-CIRCULAR ECONOMY;USD;US03662Q1058;ANSYS;share;USD;367.64298;312.807559;15/01/2021;1;Purchase on stock market ~;15/01/2021;USD;499.999995;183821.49;183821.49;156403.779481;.850846;31/03/2021;;;367.64298;;20;N;31/03/2021
343;274380;DECALIA SICAV-CIRCULAR ECONOMY;USD;DE000A1EWWW0;ADIDAS NOM.;share;EUR;264.2626;264.2626;30/03/2021;.852697;Sale on stock market ~;30/03/2021;EUR;2000;528525.2;619827.93;528525.2;1;31/03/2021;;;264.2626;;20;N;31/03/2021
343;274380;DECALIA SICAV-CIRCULAR ECONOMY;USD;US50540R4092;LABORATORY CORP AMERICA HOLDINGS;share;USD;221.25561;188.254451;14/01/2021;1;Purchase on stock market ~;14/01/2021;USD;1000;221255.61;221255.61;188254.450746;.850846;31/03/2021;;;221.25561;;20;N;31/03/2021
343;274380;DECALIA SICAV-CIRCULAR ECONOMY;USD;GB00B1CRLC47;MONDI (GBP);share;GBP;18.216949;21.385113;03/03/2021;.715563;Purchase on stock market ~;03/03/2021;GBP;10000;182169.49;254581.86;213851.132514;1.173913;31/03/2021;;;18.216949;;20;N;31/03/2021
343;274380;DECALIA SICAV-CIRCULAR ECONOMY;USD;NL0000009827;KONINKLIJKE DSM;share;EUR;138.735667;138.735667;03/03/2021;.828192;Sale on stock market ~;03/03/2021;EUR;6000;832414;1005098.28;832414;1;31/03/2021;;;138.735667;;20;N;31/03/2021
343;274380;DECALIA SICAV-CIRCULAR ECONOMY;USD;NL0000009827;KONINKLIJKE DSM;share;EUR;148.266425;148.266425;26/01/2021;.821929;Sale on stock market ~;26/01/2021;EUR;2000.00002;296532.85;360776.69;296532.85;1;31/03/2021;;;148.266425;;20;N;31/03/2021
343;274380;DECALIA SICAV-CIRCULAR ECONOMY;USD;NL0010583399;CORBION;share;EUR;47;47;07/01/2021;.815694;Sale on stock market ~;07/01/2021;EUR;4775;224425;275133.83;224425;1;31/03/2021;;;47;;20;N;31/03/2021
343;274380;DECALIA SICAV-CIRCULAR ECONOMY;USD;US46625H1005;JPMORGAN CHASE;share;USD;144.337667;122.809127;16/02/2021;1;Purchase on stock market ~;16/02/2021;USD;1500;216506.51;216506.51;184213.698007;.850846;31/03/2021;;;144.337667;;20;N;31/03/2021
343;274380;DECALIA SICAV-CIRCULAR ECONOMY;USD;US68902V1070;OTIS WORLDWIDE;share;USD;64.551;54.92296;25/02/2021;1;Purchase on stock market ~;25/02/2021;USD;4000;258204;258204;219691.840584;.850846;31/03/2021;;;64.551;;20;N;31/03/2021
343;274380;DECALIA SICAV-CIRCULAR ECONOMY;USD;US0091581068;AIR PRODUCTS & CHEMICALS;share;USD;285.829925;243.197248;22/01/2021;1;Purchase on stock market ~;22/01/2021;USD;1200.000012;342995.92;342995.92;291836.706548;.850846;31/03/2021;;;285.829925;;20;N;31/03/2021
343;274380;DECALIA SICAV-CIRCULAR ECONOMY;USD;JP3756600007;NINTENDO;share;JPY;69290;533.533;17/02/2021;105.924985;Purchase on stock market ~;17/02/2021;JPY;399.999996;27715999.72;261656.87;213413.197844;.0077;31/03/2021;;;69290;;20;N;31/03/2021
343;274380;DECALIA SICAV-CIRCULAR ECONOMY;USD;US00183L1026;ANGI HOMESERVICES 'A';share;USD;14.814354;12.604734;26/02/2021;1;Purchase on stock market ~;26/02/2021;USD;36000.00036;533316.74;533316.74;453770.414962;.850846;31/03/2021;;;14.814354;;20;N;31/03/2021
343;274380;DECALIA SICAV-CIRCULAR ECONOMY;USD;US00183L1026;ANGI HOMESERVICES 'A';share;USD;15.41452;13.115383;19/02/2021;1;Purchase on stock market ~;19/02/2021;USD;55000;847798.6;847798.6;721346.047616;.850846;31/03/2021;;;15.41452;;20;N;31/03/2021
343;274380;DECALIA SICAV-CIRCULAR ECONOMY;USD;US9288811014;VONTIER;share;USD;31.577286;26.867407;17/03/2021;1;Purchase on stock market ~;17/03/2021;USD;7000.00007;221041;221041;188071.850686;.850846;31/03/2021;;;31.577286;;20;N;31/03/2021
343;274380;DECALIA SICAV-CIRCULAR ECONOMY;USD;;;;;;;31/03/2021;0;Purchase spot contract ~;31/03/2021;;0;1191.56;1191.56;;;31/03/2021;;;;;20;Y;31/03/2021
343;274380;DECALIA SICAV-CIRCULAR ECONOMY;USD;;;;;;;30/03/2021;0;Purchase spot contract ~;30/03/2021;;0;63690;63690;;;31/03/2021;;;;;20;Y;31/03/2021
343;274380;DECALIA SICAV-CIRCULAR ECONOMY;USD;;Purchase forward contract ~ Bought CHF 14,350,865.00 Sold USD 15,280,288.55;;CHF;.939175;.849061;29/03/2021;0;Purchase forward contract ~;29/03/2021;USD;0;14350865;14350865;12210376.08179;.850846;31/03/2021;;;.939175;;20;Y;31/03/2021
343;274380;DECALIA SICAV-CIRCULAR ECONOMY;USD;;Repayment forward contract ~ Bought CHF 14,346,958.82 Sold USD 15,832,437.24;;CHF;.906175;.819228;24/02/2021;0;Purchase forward contract ~;24/02/2021;USD;0;14346958.82;14346958.82;12207052.524162;.850846;31/03/2021;;;.906175;;40;Y;31/03/2021
343;274380;DECALIA SICAV-CIRCULAR ECONOMY;USD;;Repayment forward contract ~ Bought EUR 837,164.82 Sold USD 999,000.00;;EUR;1.193313;1.193313;15/03/2021;0;Purchase forward contract ~;15/03/2021;USD;0;837164.82;837164.82;712298.338438;.850846;31/03/2021;;;1.193313;;40;Y;31/03/2021
343;274380;DECALIA SICAV-CIRCULAR ECONOMY;USD;;;;;;;18/03/2021;0;Purchase spot contract ~;18/03/2021;;0;62312;62312;;;31/03/2021;;;;;20;Y;31/03/2021
343;274380;DECALIA SICAV-CIRCULAR ECONOMY;USD;;;;;;;16/03/2021;0;Purchase spot contract ~;16/03/2021;;0;814610.91;814610.91;;;31/03/2021;;;;;20;N;31/03/2021
343;274380;DECALIA SICAV-CIRCULAR ECONOMY;USD;;;;;;;15/03/2021;0;Purchase spot contract ~;15/03/2021;;0;21119;21119;;;31/03/2021;;;;;20;Y;31/03/2021
343;274380;DECALIA SICAV-CIRCULAR ECONOMY;USD;;Purchase forward contract ~ Bought CHF 307,119.05 Sold USD 330,000.00;;CHF;.930664;.841367;12/03/2021;0;Purchase forward contract ~;12/03/2021;USD;0;307119.05;307119.05;261311.015216;.850846;31/03/2021;;;.930664;;20;Y;31/03/2021
343;274380;DECALIA SICAV-CIRCULAR ECONOMY;USD;;;;;;;10/03/2021;0;Purchase spot contract ~;10/03/2021;;0;225448.88;225448.88;;;31/03/2021;;;;;20;Y;31/03/2021
343;274380;DECALIA SICAV-CIRCULAR ECONOMY;USD;;;;;;;09/03/2021;0;Purchase spot contract ~;09/03/2021;;0;128655.69;128655.69;;;31/03/2021;;;;;20;Y;31/03/2021
343;274380;DECALIA SICAV-CIRCULAR ECONOMY;USD;;;;;;;09/03/2021;0;Purchase spot contract ~;09/03/2021;;0;250000;250000;;;31/03/2021;;;;;20;N;31/03/2021
343;274380;DECALIA SICAV-CIRCULAR ECONOMY;USD;;;;;;;08/03/2021;0;Purchase spot contract ~;08/03/2021;;0;380000;380000;;;31/03/2021;;;;;20;Y;31/03/2021
343;274380;DECALIA SICAV-CIRCULAR ECONOMY;USD;;;;;;;03/03/2021;0;Purchase spot contract ~;03/03/2021;;0;117833;117833;;;31/03/2021;;;;;20;Y;31/03/2021
343;274380;DECALIA SICAV-CIRCULAR ECONOMY;USD;;;;;;;02/03/2021;0;Purchase spot contract ~;02/03/2021;;0;434944.76;434944.76;;;31/03/2021;;;;;20;Y;31/03/2021
343;274380;DECALIA SICAV-CIRCULAR ECONOMY;USD;;;;;;;01/03/2021;0;Purchase spot contract ~;01/03/2021;;0;331000;331000;;;31/03/2021;;;;;20;Y;31/03/2021
343;274380;DECALIA SICAV-CIRCULAR ECONOMY;USD;;;;;;;26/02/2021;0;Purchase spot contract ~;26/02/2021;;0;663265.55;663265.55;;;31/03/2021;;;;;20;N;31/03/2021
343;274380;DECALIA SICAV-CIRCULAR ECONOMY;USD;;;;;;;24/02/2021;0;Purchase spot contract ~;24/02/2021;;0;29555727.49;29555727.49;;;31/03/2021;;;;;20;Y;31/03/2021
343;274380;DECALIA SICAV-CIRCULAR ECONOMY;USD;;Repayment forward contract ~ Bought EUR 354,357.50 Sold USD 430,000.00;;EUR;1.213464;1.213464;10/02/2021;0;Purchase forward contract ~;10/02/2021;USD;0;354357.5;354357.5;301503.661445;.850846;31/03/2021;;;1.213464;;40;Y;31/03/2021
343;274380;DECALIA SICAV-CIRCULAR ECONOMY;USD;;;;;;;23/02/2021;0;Purchase spot contract ~;23/02/2021;;0;319768;319768;;;31/03/2021;;;;;20;Y;31/03/2021
343;274380;DECALIA SICAV-CIRCULAR ECONOMY;USD;;;;;;;22/02/2021;0;Purchase spot contract ~;22/02/2021;;0;910924.5;910924.5;;;31/03/2021;;;;;20;N;31/03/2021
343;274380;DECALIA SICAV-CIRCULAR ECONOMY;USD;;;;;;;16/02/2021;0;Purchase spot contract ~;16/02/2021;;0;685000;685000;;;31/03/2021;;;;;20;Y;31/03/2021
343;274380;DECALIA SICAV-CIRCULAR ECONOMY;USD;;;;;;;12/02/2021;0;Purchase spot contract ~;12/02/2021;;0;388000;388000;;;31/03/2021;;;;;20;Y;31/03/2021
343;274380;DECALIA SICAV-CIRCULAR ECONOMY;USD;;;;;;;11/02/2021;0;Purchase spot contract ~;11/02/2021;;0;11915.19;11915.19;;;31/03/2021;;;;;20;Y;31/03/2021
343;274380;DECALIA SICAV-CIRCULAR ECONOMY;USD;;;;;;;10/02/2021;0;Purchase spot contract ~;10/02/2021;;0;430000;430000;;;31/03/2021;;;;;20;Y;31/03/2021
343;274380;DECALIA SICAV-CIRCULAR ECONOMY;USD;;;;;;;10/02/2021;0;Purchase spot contract ~;10/02/2021;;0;35321.07;35321.07;;;31/03/2021;;;;;20;Y;31/03/2021
343;274380;DECALIA SICAV-CIRCULAR ECONOMY;USD;;;;;;;09/02/2021;0;Purchase spot contract ~;09/02/2021;;0;94290.32;94290.32;;;31/03/2021;;;;;20;Y;31/03/2021
343;274380;DECALIA SICAV-CIRCULAR ECONOMY;USD;;;;;;;09/02/2021;0;Purchase spot contract ~;09/02/2021;;0;162226.19;162226.19;;;31/03/2021;;;;;20;Y;31/03/2021
343;274380;DECALIA SICAV-CIRCULAR ECONOMY;USD;;Purchase forward contract ~ Bought EUR 554,470.62 Sold USD 671,000.00;;EUR;1.210163;1.210163;09/02/2021;0;Purchase forward contract ~;09/02/2021;USD;0;554470.62;554470.62;471769.109145;.850846;31/03/2021;;;1.210163;;20;Y;31/03/2021
343;274380;DECALIA SICAV-CIRCULAR ECONOMY;USD;;;;;;;05/02/2021;0;Purchase spot contract ~;05/02/2021;;0;983605.85;983605.85;;;31/03/2021;;;;;20;N;31/03/2021
343;274380;DECALIA SICAV-CIRCULAR ECONOMY;USD;;;;;;;03/02/2021;0;Purchase spot contract ~;03/02/2021;;0;1260000.02;1260000.02;;;31/03/2021;;;;;20;N;31/03/2021
343;274380;DECALIA SICAV-CIRCULAR ECONOMY;USD;;;;;;;02/02/2021;0;Purchase spot contract ~;02/02/2021;;0;164061.5;164061.5;;;31/03/2021;;;;;20;Y;31/03/2021
343;274380;DECALIA SICAV-CIRCULAR ECONOMY;USD;;;;;;;02/02/2021;0;Purchase spot contract ~;02/02/2021;;0;348536.21;348536.21;;;31/03/2021;;;;;20;N;31/03/2021
343;274380;DECALIA SICAV-CIRCULAR ECONOMY;USD;;Repayment forward contract ~ Bought CHF 304,283.31 Sold USD 344,000.00;;CHF;.884545;.799673;07/01/2021;0;Purchase forward contract ~;07/01/2021;USD;0;304283.31;304283.31;258898.23718;.850846;31/03/2021;;;.884545;;40;Y;31/03/2021
343;274380;DECALIA SICAV-CIRCULAR ECONOMY;USD;;Repayment forward contract ~ Bought EUR 372,439.45 Sold USD 453,000.00;;EUR;1.216305;1.216305;26/01/2021;0;Purchase forward contract ~;26/01/2021;USD;0;372439.45;372439.45;316888.616275;.850846;31/03/2021;;;1.216305;;40;Y;31/03/2021
343;274380;DECALIA SICAV-CIRCULAR ECONOMY;USD;;Repayment forward contract ~ Bought EUR 397,505.48 Sold USD 481,000.00;;EUR;1.210046;1.210046;15/01/2021;0;Purchase forward contract ~;15/01/2021;USD;0;397505.48;397505.48;338215.947636;.850846;31/03/2021;;;1.210046;;40;Y;31/03/2021
343;274380;DECALIA SICAV-CIRCULAR ECONOMY;USD;;Repayment forward contract ~ Bought EUR 401,167.53 Sold USD 488,000.00;;EUR;1.216449;1.216449;12/01/2021;0;Purchase forward contract ~;12/01/2021;USD;0;401167.53;401167.53;341331.78823;.850846;31/03/2021;;;1.216449;;40;Y;31/03/2021
343;274380;DECALIA SICAV-CIRCULAR ECONOMY;USD;;Purchase forward contract ~ Bought EUR 411,737.82 Sold USD 500,000.00;;EUR;1.214365;1.214365;25/01/2021;0;Purchase forward contract ~;25/01/2021;USD;0;411737.82;411737.82;350325.477196;.850846;31/03/2021;;;1.214365;;20;Y;31/03/2021
343;274380;DECALIA SICAV-CIRCULAR ECONOMY;USD;;;;;;;19/01/2021;0;Purchase spot contract ~;19/01/2021;;0;11927.32;11927.32;;;31/03/2021;;;;;20;Y;31/03/2021
343;274380;DECALIA SICAV-CIRCULAR ECONOMY;USD;;;;;;;19/01/2021;0;Purchase spot contract ~;19/01/2021;;0;115000;115000;;;31/03/2021;;;;;20;N;31/03/2021
343;274380;DECALIA SICAV-CIRCULAR ECONOMY;USD;;;;;;;15/01/2021;0;Purchase spot contract ~;15/01/2021;;0;481000;481000;;;31/03/2021;;;;;20;Y;31/03/2021
343;274380;DECALIA SICAV-CIRCULAR ECONOMY;USD;;Repayment forward contract ~ Bought GBP 280,000.00 Sold USD 382,837.53;;GBP;1.367277;1.605064;15/01/2021;0;Purchase forward contract ~;15/01/2021;USD;0;280000;280000;238236.88;.850846;31/03/2021;;;1.367277;;40;N;31/03/2021
343;274380;DECALIA SICAV-CIRCULAR ECONOMY;USD;;;;;;;14/01/2021;0;Purchase spot contract ~;14/01/2021;;0;11409.89;11409.89;;;31/03/2021;;;;;20;Y;31/03/2021
343;274380;DECALIA SICAV-CIRCULAR ECONOMY;USD;;;;;;;12/01/2021;0;Purchase spot contract ~;12/01/2021;;0;490472.17;490472.17;;;31/03/2021;;;;;20;N;31/03/2021
343;274380;DECALIA SICAV-CIRCULAR ECONOMY;USD;;;;;;;07/01/2021;0;Purchase spot contract ~;07/01/2021;;0;344000;344000;;;31/03/2021;;;;;20;Y;31/03/2021
343;274380;DECALIA SICAV-CIRCULAR ECONOMY;USD;;;;;;;06/01/2021;0;Purchase spot contract ~;06/01/2021;;0;17769.09;17769.09;;;31/03/2021;;;;;20;Y;31/03/2021
343;274380;DECALIA SICAV-CIRCULAR ECONOMY;USD;;;;;;;05/01/2021;0;Purchase spot contract ~;05/01/2021;;0;170000;170000;;;31/03/2021;;;;;20;N;31/03/2021
343;274380;DECALIA SICAV-CIRCULAR ECONOMY;USD;US1729674242;CITIGROUP;share;USD;60.606874;51.567116;22/01/2021;1;Sale on stock market ~;22/01/2021;USD;14000.00014;848496.25;848496.25;721939.640328;.850846;31/03/2021;;;60.606874;;20;N;31/03/2021
343;274380;DECALIA SICAV-CIRCULAR ECONOMY;USD;IT0003128367;ENEL;share;EUR;8.251793;8.251793;19/03/2021;.839666;Purchase on stock market ~;19/03/2021;EUR;50000;412589.65;491373.64;412589.65;1;31/03/2021;;;8.251793;;20;N;31/03/2021
343;274380;DECALIA SICAV-CIRCULAR ECONOMY;USD;US2310211063;CUMMINS;share;USD;246.9812;210.142966;19/02/2021;1;Purchase on stock market ~;19/02/2021;USD;1200;296377.44;296377.44;252171.559314;.850846;31/03/2021;;;246.9812;;20;N;31/03/2021
343;274380;DECALIA SICAV-CIRCULAR ECONOMY;USD;DE000A1EWWW0;ADIDAS NOM.;share;EUR;294.2542;294.2542;19/02/2021;.824606;Sale on stock market ~;19/02/2021;EUR;1500;441381.3;535263.1;441381.3;1;31/03/2021;;;294.2542;;20;N;31/03/2021
343;274380;DECALIA SICAV-CIRCULAR ECONOMY;USD;US5184391044;ESTEE LAUDER COMPANIES 'A';share;USD;282.249567;240.150915;08/03/2021;1;Sale on stock market ~;08/03/2021;USD;1500;423374.35;423374.35;360226.3722;.850846;31/03/2021;;;282.249567;;20;N;31/03/2021
343;274380;DECALIA SICAV-CIRCULAR ECONOMY;USD;GB00BVYVFW23;AUTO TRADER GROUP;share;GBP;5.816794;6.82841;25/02/2021;.707589;Purchase on stock market ~;25/02/2021;GBP;25000;145419.85;205514.6;170710.252373;1.173913;31/03/2021;;;5.816794;;20;N;31/03/2021
343;274380;DECALIA SICAV-CIRCULAR ECONOMY;USD;GB00BVYVFW23;AUTO TRADER GROUP;share;GBP;6.007158;7.051881;05/01/2021;.735565;Purchase on stock market ~;05/01/2021;GBP;55000.00055;330393.69;449170.22;387853.447809;1.173913;31/03/2021;;;6.007158;;20;N;31/03/2021
343;274380;DECALIA SICAV-CIRCULAR ECONOMY;USD;US29786A1060;ETSY;share;USD;218.6895;186.071086;19/01/2021;1;Purchase on stock market ~;19/01/2021;USD;1999.99998;437379;437379;372142.172634;.850846;31/03/2021;;;218.6895;;20;N;31/03/2021
343;274380;DECALIA SICAV-CIRCULAR ECONOMY;USD;IE0004927939;KINGSPAN GROUP;share;EUR;61.15;61.15;24/02/2021;.824913;Purchase on stock market ~;24/02/2021;EUR;2000;122300;148258.05;122300;1;31/03/2021;;;61.15;;20;N;31/03/2021
343;274380;DECALIA SICAV-CIRCULAR ECONOMY;USD;GB00B1CRLC47;MONDI (GBP);share;GBP;17.714425;20.795194;01/03/2021;.717463;Purchase on stock market ~;01/03/2021;GBP;24000;425146.2;592568.77;499084.651081;1.173913;31/03/2021;;;17.714425;;20;N;31/03/2021
343;274380;DECALIA SICAV-CIRCULAR ECONOMY;USD;FR0000121972;SCHNEIDER ELECTRIC;share;EUR;127.454836;127.454836;16/03/2021;.840725;Sale on stock market ~;16/03/2021;EUR;5000;637274.18;758005.78;637274.18;1;31/03/2021;;;127.454836;;20;N;31/03/2021
343;274380;DECALIA SICAV-CIRCULAR ECONOMY;USD;US22160K1051;COSTCO WHOLESALE;share;USD;328.460583;279.469373;16/03/2021;1;Sale on stock market ~;16/03/2021;USD;3500;1149612.03;1149612.03;978142.797277;.850846;31/03/2021;;;328.460583;;20;N;31/03/2021
343;274380;DECALIA SICAV-CIRCULAR ECONOMY;USD;US46625H1005;JPMORGAN CHASE;share;USD;152.393857;129.663704;09/03/2021;1;Sale on stock market ~;09/03/2021;USD;3500;533378.5;533378.5;453822.963211;.850846;31/03/2021;;;152.393857;;20;N;31/03/2021
343;274380;DECALIA SICAV-CIRCULAR ECONOMY;USD;US46625H1005;JPMORGAN CHASE;share;USD;128.704426;109.507646;27/01/2021;1;Sale on stock market ~;27/01/2021;USD;8000;1029635.41;1029635.41;876061.170057;.850846;31/03/2021;;;128.704426;;20;N;31/03/2021
343;274380;DECALIA SICAV-CIRCULAR ECONOMY;USD;US57636Q1040;MASTERCARD 'A';share;USD;337.02106;286.753021;22/02/2021;1;Purchase on stock market ~;22/02/2021;USD;1500;505531.59;505531.59;430129.531225;.850846;31/03/2021;;;337.02106;;20;N;31/03/2021
343;274380;DECALIA SICAV-CIRCULAR ECONOMY;USD;NL0000009538;ROYAL PHILIPS;share;EUR;47.126087;47.126087;05/02/2021;.831566;Purchase on stock market ~;05/02/2021;EUR;3000;141378.26;170014.42;141378.26;1;31/03/2021;;;47.126087;;20;N;31/03/2021
343;274380;DECALIA SICAV-CIRCULAR ECONOMY;USD;NL0000687663;AERCAP HOLDINGS;share;USD;49.73925;42.320442;24/02/2021;1;Purchase on stock market ~;24/02/2021;USD;2000;99478.5;99478.5;84640.883811;.850846;31/03/2021;;;49.73925;;20;N;31/03/2021
343;274380;DECALIA SICAV-CIRCULAR ECONOMY;USD;JP3435000009;SONY;share;JPY;11650;89.705;02/03/2021;106.725061;Sale on stock market ~;02/03/2021;JPY;6000;69900000.01;654953.95;538230.000077;.0077;31/03/2021;;;11650;;20;N;31/03/2021
343;274380;DECALIA SICAV-CIRCULAR ECONOMY;USD;US1890541097;CLOROX;share;USD;196.107615;166.85738;07/01/2021;1;Purchase on stock market ~;07/01/2021;USD;2600;509879.8;509879.8;433829.188311;.850846;31/03/2021;;;196.107615;;20;N;31/03/2021
343;274380;DECALIA SICAV-CIRCULAR ECONOMY;USD;FR0000121261;MICHELIN 'B' NOM.;share;EUR;115.399157;115.399157;03/02/2021;.832467;Purchase on stock market ~;03/02/2021;EUR;3000.00003;346197.48;415869.72;346197.48;1;31/03/2021;;;115.399157;;20;N;31/03/2021
343;274380;DECALIA SICAV-CIRCULAR ECONOMY;USD;FR0000121261;MICHELIN 'B' NOM.;share;EUR;111.669443;111.669443;26/01/2021;.821929;Purchase on stock market ~;26/01/2021;EUR;7000.00007;781686.11;951038.4;781686.11;1;31/03/2021;;;111.669443;;20;N;31/03/2021
343;274380;DECALIA SICAV-CIRCULAR ECONOMY;USD;US78409V1044;S&P GLOBAL;share;USD;331.055786;281.677491;05/01/2021;1;Purchase on stock market ~;05/01/2021;USD;700.000007;231739.05;231739.05;197174.243736;.850846;31/03/2021;;;331.055786;;20;N;31/03/2021
343;274380;DECALIA SICAV-CIRCULAR ECONOMY;USD;JP3756600007;NINTENDO;share;JPY;62800;483.56;17/03/2021;109.219972;Purchase on stock market ~;17/03/2021;JPY;400.000004;25120000.26;229994.57;193424.002002;.0077;31/03/2021;;;62800;;20;N;31/03/2021
343;274380;DECALIA SICAV-CIRCULAR ECONOMY;USD;JP3921290007;MERCARI;share;JPY;5380;41.426;10/03/2021;108.625039;Purchase on stock market ~;10/03/2021;JPY;10000;53800000;495281.76;414260;.0077;31/03/2021;;;5380;;20;N;31/03/2021
343;274380;DECALIA SICAV-CIRCULAR ECONOMY;USD;JP3921290007;MERCARI;share;JPY;5200;40.04;21/01/2021;103.570055;Purchase on stock market ~;21/01/2021;JPY;15999.99984;83199999.16;803321;640639.993532;.0077;31/03/2021;;;5200;;20;N;31/03/2021
343;274380;DECALIA SICAV-CIRCULAR ECONOMY;USD;US9892071054;ZEBRA TECHNOLOGIES 'A';share;USD;492.849976;419.339431;19/02/2021;1;Purchase on stock market ~;19/02/2021;USD;1700;837844.96;837844.96;712877.032836;.850846;31/03/2021;;;492.849976;;20;N;31/03/2021
343;274380;DECALIA SICAV-CIRCULAR ECONOMY;USD;;;;;;;31/03/2021;0;Purchase spot contract ~;31/03/2021;;0;657.91;657.91;;;31/03/2021;;;;;20;Y;31/03/2021
343;274380;DECALIA SICAV-CIRCULAR ECONOMY;USD;;;;;;;30/03/2021;0;Purchase spot contract ~;30/03/2021;;0;619000;619000;;;31/03/2021;;;;;20;Y;31/03/2021
343;274380;DECALIA SICAV-CIRCULAR ECONOMY;USD;;Repayment forward contract ~ Bought CHF 505,770.25 Sold USD 545,000.00;;CHF;.928019;.838976;17/03/2021;0;Purchase forward contract ~;17/03/2021;USD;0;505770.25;505770.25;430332.594132;.850846;31/03/2021;;;.928019;;40;Y;31/03/2021
343;274380;DECALIA SICAV-CIRCULAR ECONOMY;USD;;;;;;;29/03/2021;0;Purchase spot contract ~;29/03/2021;;0;29927520.55;29927520.55;;;31/03/2021;;;;;20;Y;31/03/2021
343;274380;DECALIA SICAV-CIRCULAR ECONOMY;USD;;Repayment forward contract ~ Bought USD 469,608.56 Sold EUR 390,000.00;;USD;1.204125;1.024525;02/03/2021;0;Purchase forward contract ~;02/03/2021;EUR;0;469608.56;469608.56;469608.56;1;31/03/2021;;;1.204125;;40;Y;31/03/2021
343;274380;DECALIA SICAV-CIRCULAR ECONOMY;USD;;;;;;;23/03/2021;0;Purchase spot contract ~;23/03/2021;;0;95833.94;95833.94;;;31/03/2021;;;;;20;Y;31/03/2021
343;274380;DECALIA SICAV-CIRCULAR ECONOMY;USD;;;;;;;17/03/2021;0;Purchase spot contract ~;17/03/2021;;0;545000;545000;;;31/03/2021;;;;;20;Y;31/03/2021
343;274380;DECALIA SICAV-CIRCULAR ECONOMY;USD;;;;;;;16/03/2021;0;Purchase spot contract ~;16/03/2021;;0;63739.92;63739.92;;;31/03/2021;;;;;20;Y;31/03/2021
343;274380;DECALIA SICAV-CIRCULAR ECONOMY;USD;;;;;;;12/03/2021;0;Purchase spot contract ~;12/03/2021;;0;191385.28;191385.28;;;31/03/2021;;;;;20;Y;31/03/2021
343;274380;DECALIA SICAV-CIRCULAR ECONOMY;USD;;;;;;;12/03/2021;0;Purchase spot contract ~;12/03/2021;;0;332234.56;332234.56;;;31/03/2021;;;;;20;Y;31/03/2021
343;274380;DECALIA SICAV-CIRCULAR ECONOMY;USD;;;;;;;02/03/2021;0;Purchase spot contract ~;02/03/2021;;0;468221.63;468221.63;;;31/03/2021;;;;;20;N;31/03/2021
343;274380;DECALIA SICAV-CIRCULAR ECONOMY;USD;;;;;;;01/03/2021;0;Purchase spot contract ~;01/03/2021;;0;265211;265211;;;31/03/2021;;;;;20;Y;31/03/2021
343;274380;DECALIA SICAV-CIRCULAR ECONOMY;USD;;;;;;;01/03/2021;0;Purchase spot contract ~;01/03/2021;;0;200000;200000;;;31/03/2021;;;;;20;N;31/03/2021
343;274380;DECALIA SICAV-CIRCULAR ECONOMY;USD;;;;;;;26/02/2021;0;Purchase spot contract ~;26/02/2021;;0;371776;371776;;;31/03/2021;;;;;20;Y;31/03/2021
343;274380;DECALIA SICAV-CIRCULAR ECONOMY;USD;;;;;;;25/02/2021;0;Purchase spot contract ~;25/02/2021;;0;8256;8256;;;31/03/2021;;;;;20;Y;31/03/2021
343;274380;DECALIA SICAV-CIRCULAR ECONOMY;USD;;;;;;;24/02/2021;0;Purchase spot contract ~;24/02/2021;;0;100000.01;100000.01;;;31/03/2021;;;;;20;N;31/03/2021
343;274380;DECALIA SICAV-CIRCULAR ECONOMY;USD;;;;;;;24/02/2021;0;Purchase spot contract ~;24/02/2021;;0;104999.99;104999.99;;;31/03/2021;;;;;20;N;31/03/2021
343;274380;DECALIA SICAV-CIRCULAR ECONOMY;USD;;Repayment forward contract ~ Bought EUR 320,561.47 Sold USD 388,000.00;;EUR;1.210376;1.210376;12/02/2021;0;Purchase forward contract ~;12/02/2021;USD;0;320561.47;320561.47;272748.444504;.850846;31/03/2021;;;1.210376;;40;Y;31/03/2021
343;274380;DECALIA SICAV-CIRCULAR ECONOMY;USD;;Repayment forward contract ~ Bought EUR 554,470.62 Sold USD 671,000.00;;EUR;1.210163;1.210163;09/02/2021;0;Purchase forward contract ~;09/02/2021;USD;0;554470.62;554470.62;471769.109145;.850846;31/03/2021;;;1.210163;;40;Y;31/03/2021
343;274380;DECALIA SICAV-CIRCULAR ECONOMY;USD;;;;;;;17/02/2021;0;Purchase spot contract ~;17/02/2021;;0;49140;49140;;;31/03/2021;;;;;20;Y;31/03/2021
343;274380;DECALIA SICAV-CIRCULAR ECONOMY;USD;;;;;;;17/02/2021;0;Purchase spot contract ~;17/02/2021;;0;24999999.75;24999999.75;;;31/03/2021;;;;;20;N;31/03/2021
343;274380;DECALIA SICAV-CIRCULAR ECONOMY;USD;;;;;;;16/02/2021;0;Purchase spot contract ~;16/02/2021;;0;1369999.99;1369999.99;;;31/03/2021;;;;;20;N;31/03/2021
343;274380;DECALIA SICAV-CIRCULAR ECONOMY;USD;;Purchase forward contract ~ Bought EUR 320,561.47 Sold USD 388,000.00;;EUR;1.210376;1.210376;12/02/2021;0;Purchase forward contract ~;12/02/2021;USD;0;320561.47;320561.47;272748.444504;.850846;31/03/2021;;;1.210376;;20;Y;31/03/2021
343;274380;DECALIA SICAV-CIRCULAR ECONOMY;USD;;;;;;;08/02/2021;0;Purchase spot contract ~;08/02/2021;;0;66257.07;66257.07;;;31/03/2021;;;;;20;Y;31/03/2021
343;274380;DECALIA SICAV-CIRCULAR ECONOMY;USD;;;;;;;08/02/2021;0;Purchase spot contract ~;08/02/2021;;0;113326.2;113326.2;;;31/03/2021;;;;;20;Y;31/03/2021
343;274380;DECALIA SICAV-CIRCULAR ECONOMY;USD;;Purchase forward contract ~ Bought EUR 354,905.31 Sold USD 425,000.00;;EUR;1.197503;1.197503;04/02/2021;0;Purchase forward contract ~;04/02/2021;USD;0;354905.31;354905.31;301969.763392;.850846;31/03/2021;;;1.197503;;20;Y;31/03/2021
343;274380;DECALIA SICAV-CIRCULAR ECONOMY;USD;;Purchase forward contract ~ Bought USD 393,238.85 Sold EUR 327,000.00;;USD;1.202565;1.023198;02/02/2021;0;Purchase forward contract ~;02/02/2021;EUR;0;393238.85;393238.85;393238.85;1;31/03/2021;;;1.202565;;20;Y;31/03/2021
343;274380;DECALIA SICAV-CIRCULAR ECONOMY;USD;;;;;;;25/01/2021;0;Purchase spot contract ~;25/01/2021;;0;78459;78459;;;31/03/2021;;;;;20;Y;31/03/2021
343;274380;DECALIA SICAV-CIRCULAR ECONOMY;USD;;;;;;;22/01/2021;0;Purchase spot contract ~;22/01/2021;;0;60160.01;60160.01;;;31/03/2021;;;;;20;Y;31/03/2021
343;274380;DECALIA SICAV-CIRCULAR ECONOMY;USD;;;;;;;20/01/2021;0;Purchase spot contract ~;20/01/2021;;0;44743.71;44743.71;;;31/03/2021;;;;;20;Y;31/03/2021
343;274380;DECALIA SICAV-CIRCULAR ECONOMY;USD;;;;;;;15/01/2021;0;Purchase spot contract ~;15/01/2021;;0;956822.52;956822.52;;;31/03/2021;;;;;20;N;31/03/2021
343;274380;DECALIA SICAV-CIRCULAR ECONOMY;USD;;;;;;;11/01/2021;0;Purchase spot contract ~;11/01/2021;;0;81751.8;81751.8;;;31/03/2021;;;;;20;Y;31/03/2021
343;274380;DECALIA SICAV-CIRCULAR ECONOMY;USD;;;;;;;11/01/2021;0;Purchase spot contract ~;11/01/2021;;0;132025.39;132025.39;;;31/03/2021;;;;;20;Y;31/03/2021
343;274380;DECALIA SICAV-CIRCULAR ECONOMY;USD;US8725401090;TJX;share;USD;65.668852;55.87408;08/03/2021;1;Purchase on stock market ~;08/03/2021;USD;16000;1050701.63;1050701.63;893985.279079;.850846;31/03/2021;;;65.668852;;20;N;31/03/2021
343;274380;DECALIA SICAV-CIRCULAR ECONOMY;USD;US2546871060;WALT DISNEY;share;USD;185.2405;157.611138;05/03/2021;1;Purchase on stock market ~;05/03/2021;USD;1000;185240.5;185240.5;157611.138463;.850846;31/03/2021;;;185.2405;;20;N;31/03/2021
343;274380;DECALIA SICAV-CIRCULAR ECONOMY;USD;IT0003128367;ENEL;share;EUR;8.468286;8.468286;12/02/2021;.825185;Purchase on stock market ~;12/02/2021;EUR;30000;254048.58;307868.77;254048.58;1;31/03/2021;;;8.468286;;20;N;31/03/2021
343;274380;DECALIA SICAV-CIRCULAR ECONOMY;USD;US2310211063;CUMMINS;share;USD;238.5375;202.958678;07/01/2021;1;Purchase on stock market ~;07/01/2021;USD;800;190830;190830;162366.94218;.850846;31/03/2021;;;238.5375;;20;N;31/03/2021
343;274380;DECALIA SICAV-CIRCULAR ECONOMY;USD;US74834L1008;QUEST DIAGNOSTICS;share;USD;126.297417;107.459652;14/01/2021;1;Purchase on stock market ~;14/01/2021;USD;3000;378892.25;378892.25;322378.955344;.850846;31/03/2021;;;126.297417;;20;N;31/03/2021
343;274380;DECALIA SICAV-CIRCULAR ECONOMY;USD;US50540R4092;LABORATORY CORP AMERICA HOLDINGS;share;USD;239.5354;203.807737;24/02/2021;1;Sale on stock market ~;24/02/2021;USD;2500;598838.51;598838.51;509519.350879;.850846;31/03/2021;;;239.5354;;20;N;31/03/2021
343;274380;DECALIA SICAV-CIRCULAR ECONOMY;USD;FI0009013296;NESTE;share;EUR;51.23064;51.23064;09/03/2021;.841503;Purchase on stock market ~;09/03/2021;EUR;5000;256153.2;304399.66;256153.2;1;31/03/2021;;;51.23064;;20;N;31/03/2021
343;274380;DECALIA SICAV-CIRCULAR ECONOMY;USD;GB00B1CRLC47;MONDI (GBP);share;GBP;18.865;22.145869;07/01/2021;.738389;Purchase on stock market ~;07/01/2021;GBP;30000;565950;766466.08;664376.06235;1.173913;31/03/2021;;;18.865;;20;N;31/03/2021
343;274380;DECALIA SICAV-CIRCULAR ECONOMY;USD;NL0011821392;SIGNIFY;share;EUR;36.80664;36.80664;01/03/2021;.829772;Purchase on stock market ~;01/03/2021;EUR;5000;184033.2;221787.62;184033.2;1;31/03/2021;;;36.80664;;20;N;31/03/2021
343;274380;DECALIA SICAV-CIRCULAR ECONOMY;USD;DK0060534915;NOVO NORDISK 'B';share;DKK;431.130417;57.968934;30/03/2021;6.342;Purchase on stock market ~;30/03/2021;DKK;3000;1293391.25;203940.59;173906.800693;.134458;31/03/2021;;;431.130417;;20;N;31/03/2021
343;274380;DECALIA SICAV-CIRCULAR ECONOMY;USD;CH0025751329;LOGITECH INTERNATIONAL;share;CHF;94.379725;85.32399;16/03/2021;.92605;Purchase on stock market ~;16/03/2021;CHF;2000;188759.45;203832.88;170647.980773;.90405;31/03/2021;;;94.379725;;20;N;31/03/2021
343;274380;DECALIA SICAV-CIRCULAR ECONOMY;USD;NL0000687663;AERCAP HOLDINGS;share;USD;56.0669;47.704298;09/03/2021;1;Sale on stock market ~;09/03/2021;USD;5000;280334.5;280334.5;238521.487987;.850846;31/03/2021;;;56.0669;;20;N;31/03/2021
343;274380;DECALIA SICAV-CIRCULAR ECONOMY;USD;NL0000687663;AERCAP HOLDINGS;share;USD;57;48.498222;08/03/2021;1;Sale on stock market ~;08/03/2021;USD;5000;285000;285000;242491.11;.850846;31/03/2021;;;57;;20;N;31/03/2021
343;274380;DECALIA SICAV-CIRCULAR ECONOMY;USD;NL0000687663;AERCAP HOLDINGS;share;USD;47.875771;40.734908;22/02/2021;1;Purchase on stock market ~;22/02/2021;USD;7000;335130.4;335130.4;285144.360318;.850846;31/03/2021;;;47.875771;;20;N;31/03/2021
343;274380;DECALIA SICAV-CIRCULAR ECONOMY;USD;FR0000121261;MICHELIN 'B' NOM.;share;EUR;128.506215;128.506215;30/03/2021;.852697;Purchase on stock market ~;30/03/2021;EUR;2000;257012.42;301411.33;257012.42;1;31/03/2021;;;128.506215;;20;N;31/03/2021
343;274380;DECALIA SICAV-CIRCULAR ECONOMY;USD;FR0000121261;MICHELIN 'B' NOM.;share;EUR;118.203917;118.203917;19/02/2021;.824606;Purchase on stock market ~;19/02/2021;EUR;3000;354611.74;430037.68;354611.74;1;31/03/2021;;;118.203917;;20;N;31/03/2021
343;274380;DECALIA SICAV-CIRCULAR ECONOMY;USD;CH0002497458;SGS NOM.;share;CHF;2683.592;2426.101348;12/01/2021;.88945;Sale on stock market ~;12/01/2021;CHF;250.000001;670898;754284.11;606525.3369;.90405;31/03/2021;;;2683.592;;20;N;31/03/2021
343;274380;DECALIA SICAV-CIRCULAR ECONOMY;USD;US3687361044;GENERAC HOLDINGS;share;USD;357.435;304.12214;19/02/2021;1;Purchase on stock market ~;19/02/2021;USD;500;178717.49;178717.49;152061.061497;.850846;31/03/2021;;;357.435;;20;N;31/03/2021
343;274380;DECALIA SICAV-CIRCULAR ECONOMY;USD;US0091581068;AIR PRODUCTS & CHEMICALS;share;USD;260.42574;221.582199;16/02/2021;1;Sale on stock market ~;16/02/2021;USD;5000;1302128.7;1302128.7;1107910.99588;.850846;31/03/2021;;;260.42574;;20;N;31/03/2021
343;274380;DECALIA SICAV-CIRCULAR ECONOMY;USD;US9288811014;VONTIER;share;USD;32.214705;27.409753;24/02/2021;1;Purchase on stock market ~;24/02/2021;USD;35000;1127514.67;1127514.67;959341.346911;.850846;31/03/2021;;;32.214705;;20;N;31/03/2021
343;274380;DECALIA SICAV-CIRCULAR ECONOMY;USD;US4824801009;KLA CORPORATION;share;USD;312.465;265.859595;30/03/2021;1;Purchase on stock market ~;30/03/2021;USD;500;156232.49;156232.49;132929.789187;.850846;31/03/2021;;;312.465;;20;N;31/03/2021
343;274380;DECALIA SICAV-CIRCULAR ECONOMY;USD;US9892071054;ZEBRA TECHNOLOGIES 'A';share;USD;492.070625;418.676323;26/02/2021;1;Purchase on stock market ~;26/02/2021;USD;800.000008;393656.51;393656.51;334941.066907;.850846;31/03/2021;;;492.070625;;20;N;31/03/2021
343;274380;DECALIA SICAV-CIRCULAR ECONOMY;USD;;;;;;;30/03/2021;0;Purchase spot contract ~;30/03/2021;;0;125306;125306;;;31/03/2021;;;;;20;Y;31/03/2021
343;274380;DECALIA SICAV-CIRCULAR ECONOMY;USD;;Repayment forward contract ~ Bought USD 406,280.02 Sold CHF 380,000.00;;USD;.935315;.795809;08/03/2021;0;Purchase forward contract ~;08/03/2021;CHF;0;406280.02;406280.02;367297.452081;.90405;31/03/2021;;;.935315;;40;Y;31/03/2021
343;274380;DECALIA SICAV-CIRCULAR ECONOMY;USD;;Repayment forward contract ~ Bought EUR 668,584.67 Sold USD 801,000.00;;EUR;1.198053;1.198053;04/03/2021;0;Purchase forward contract ~;04/03/2021;USD;0;668584.67;668584.67;568862.592131;.850846;31/03/2021;;;1.198053;;40;Y;31/03/2021
343;274380;DECALIA SICAV-CIRCULAR ECONOMY;USD;;Repayment forward contract ~ Bought EUR 24,281,734.71 Sold USD 29,555,727.49;;EUR;1.2172;1.2172;24/02/2021;0;Purchase forward contract ~;24/02/2021;USD;0;24281734.71;24281734.71;20660016.851065;.850846;31/03/2021;;;1.2172;;40;Y;31/03/2021
343;274380;DECALIA SICAV-CIRCULAR ECONOMY;USD;;;;;;;18/03/2021;0;Purchase spot contract ~;18/03/2021;;0;32232;32232;;;31/03/2021;;;;;20;Y;31/03/2021
343;274380;DECALIA SICAV-CIRCULAR ECONOMY;USD;;;;;;;11/03/2021;0;Purchase spot contract ~;11/03/2021;;0;94196.39;94196.39;;;31/03/2021;;;;;20;Y;31/03/2021
343;274380;DECALIA SICAV-CIRCULAR ECONOMY;USD;;;;;;;09/03/2021;0;Purchase spot contract ~;09/03/2021;;0;140000;140000;;;31/03/2021;;;;;20;N;31/03/2021
343;274380;DECALIA SICAV-CIRCULAR ECONOMY;USD;;;;;;;08/03/2021;0;Purchase spot contract ~;08/03/2021;;0;72616;72616;;;31/03/2021;;;;;20;Y;31/03/2021
343;274380;DECALIA SICAV-CIRCULAR ECONOMY;USD;;;;;;;04/03/2021;0;Purchase spot contract ~;04/03/2021;;0;168800;168800;;;31/03/2021;;;;;20;Y;31/03/2021
343;274380;DECALIA SICAV-CIRCULAR ECONOMY;USD;;;;;;;04/03/2021;0;Purchase spot contract ~;04/03/2021;;0;328891;328891;;;31/03/2021;;;;;20;Y;31/03/2021
343;274380;DECALIA SICAV-CIRCULAR ECONOMY;USD;;;;;;;25/02/2021;0;Purchase spot contract ~;25/02/2021;;0;150000;150000;;;31/03/2021;;;;;20;N;31/03/2021
343;274380;DECALIA SICAV-CIRCULAR ECONOMY;USD;;Purchase forward contract ~ Bought CHF 14,346,958.82 Sold USD 15,832,437.24;;CHF;.906175;.819228;24/02/2021;0;Purchase forward contract ~;24/02/2021;USD;0;14346958.82;14346958.82;12207052.524162;.850846;31/03/2021;;;.906175;;20;Y;31/03/2021
343;274380;DECALIA SICAV-CIRCULAR ECONOMY;USD;;Repayment forward contract ~ Bought USD 396,222.40 Sold CHF 356,000.00;;USD;.898485;.764472;02/02/2021;0;Purchase forward contract ~;02/02/2021;CHF;0;396222.4;396222.4;358204.86072;.90405;31/03/2021;;;.898485;;40;Y;31/03/2021
343;274380;DECALIA SICAV-CIRCULAR ECONOMY;USD;;Repayment forward contract ~ Bought CHF 13,256,029.75 Sold USD 14,931,828.91;;CHF;.88777;.802588;27/01/2021;0;Purchase forward contract ~;27/01/2021;USD;0;13256029.75;13256029.75;11278839.888669;.850846;31/03/2021;;;.88777;;40;Y;31/03/2021
343;274380;DECALIA SICAV-CIRCULAR ECONOMY;USD;;Purchase forward contract ~ Bought EUR 24,281,734.71 Sold USD 29,555,727.49;;EUR;1.2172;1.2172;24/02/2021;0;Purchase forward contract ~;24/02/2021;USD;0;24281734.71;24281734.71;20660016.851065;.850846;31/03/2021;;;1.2172;;20;Y;31/03/2021
343;274380;DECALIA SICAV-CIRCULAR ECONOMY;USD;;;;;;;22/02/2021;0;Purchase spot contract ~;22/02/2021;;0;9577.56;9577.56;;;31/03/2021;;;;;20;Y;31/03/2021
343;274380;DECALIA SICAV-CIRCULAR ECONOMY;USD;;;;;;;16/02/2021;0;Purchase spot contract ~;16/02/2021;;0;55872.32;55872.32;;;31/03/2021;;;;;20;Y;31/03/2021
343;274380;DECALIA SICAV-CIRCULAR ECONOMY;USD;;;;;;;15/02/2021;0;Purchase spot contract ~;15/02/2021;;0;177369.35;177369.35;;;31/03/2021;;;;;20;Y;31/03/2021
343;274380;DECALIA SICAV-CIRCULAR ECONOMY;USD;;;;;;;15/02/2021;0;Purchase spot contract ~;15/02/2021;;0;29999999.7;29999999.7;;;31/03/2021;;;;;20;N;31/03/2021
343;274380;DECALIA SICAV-CIRCULAR ECONOMY;USD;;;;;;;10/02/2021;0;Purchase spot contract ~;10/02/2021;;0;21126.7;21126.7;;;31/03/2021;;;;;20;Y;31/03/2021
343;274380;DECALIA SICAV-CIRCULAR ECONOMY;USD;;;;;;;04/02/2021;0;Purchase spot contract ~;04/02/2021;;0;45638.25;45638.25;;;31/03/2021;;;;;20;Y;31/03/2021
343;274380;DECALIA SICAV-CIRCULAR ECONOMY;USD;;;;;;;02/02/2021;0;Purchase spot contract ~;02/02/2021;;0;356000;356000;;;31/03/2021;;;;;20;Y;31/03/2021
343;274380;DECALIA SICAV-CIRCULAR ECONOMY;USD;;;;;;;29/01/2021;0;Purchase spot contract ~;31/01/2021;;0;94569.55;94569.55;;;31/03/2021;;;;;20;Y;31/03/2021
343;274380;DECALIA SICAV-CIRCULAR ECONOMY;USD;;;;;;;28/01/2021;0;Purchase spot contract ~;28/01/2021;;0;540825;540825;;;31/03/2021;;;;;20;Y;31/03/2021
343;274380;DECALIA SICAV-CIRCULAR ECONOMY;USD;;;;;;;27/01/2021;0;Purchase spot contract ~;27/01/2021;;0;74972.05;74972.05;;;31/03/2021;;;;;20;Y;31/03/2021
343;274380;DECALIA SICAV-CIRCULAR ECONOMY;USD;;Repayment forward contract ~ Bought EUR 411,737.82 Sold USD 500,000.00;;EUR;1.214365;1.214365;25/01/2021;0;Purchase forward contract ~;25/01/2021;USD;0;411737.82;411737.82;350325.477196;.850846;31/03/2021;;;1.214365;;40;Y;31/03/2021
343;274380;DECALIA SICAV-CIRCULAR ECONOMY;USD;;Repayment forward contract ~ Bought EUR 20,452,907.04 Sold USD 25,062,174.17;;EUR;1.22536;1.22536;29/12/2020;0;Purchase forward contract ~;29/12/2020;USD;0;20452907.04;20452907.04;17402274.143356;.850846;31/03/2021;;;1.22536;;40;Y;31/03/2021
343;274380;DECALIA SICAV-CIRCULAR ECONOMY;USD;;;;;;;26/01/2021;0;Purchase spot contract ~;26/01/2021;;0;58651;58651;;;31/03/2021;;;;;20;Y;31/03/2021
343;274380;DECALIA SICAV-CIRCULAR ECONOMY;USD;;;;;;;25/01/2021;0;Purchase spot contract ~;25/01/2021;;0;43408;43408;;;31/03/2021;;;;;20;Y;31/03/2021
343;274380;DECALIA SICAV-CIRCULAR ECONOMY;USD;;;;;;;25/01/2021;0;Purchase spot contract ~;25/01/2021;;0;500000;500000;;;31/03/2021;;;;;20;Y;31/03/2021
343;274380;DECALIA SICAV-CIRCULAR ECONOMY;USD;;;;;;;19/01/2021;0;Purchase spot contract ~;19/01/2021;;0;19941.78;19941.78;;;31/03/2021;;;;;20;Y;31/03/2021
343;274380;DECALIA SICAV-CIRCULAR ECONOMY;USD;;;;;;;18/01/2021;0;Purchase spot contract ~;18/01/2021;;0;119023;119023;;;31/03/2021;;;;;20;Y;31/03/2021
343;274380;DECALIA SICAV-CIRCULAR ECONOMY;USD;;;;;;;13/01/2021;0;Purchase spot contract ~;13/01/2021;;0;44092;44092;;;31/03/2021;;;;;20;Y;31/03/2021
343;274380;DECALIA SICAV-CIRCULAR ECONOMY;USD;;Purchase forward contract ~ Bought EUR 401,167.53 Sold USD 488,000.00;;EUR;1.216449;1.216449;12/01/2021;0;Purchase forward contract ~;12/01/2021;USD;0;401167.53;401167.53;341331.78823;.850846;31/03/2021;;;1.216449;;20;Y;31/03/2021
343;274380;DECALIA SICAV-CIRCULAR ECONOMY;USD;;;;;;;12/01/2021;0;Purchase spot contract ~;12/01/2021;;0;280000;280000;;;31/03/2021;;;;;20;N;31/03/2021
343;274380;DECALIA SICAV-CIRCULAR ECONOMY;USD;;;;;;;07/01/2021;0;Purchase spot contract ~;07/01/2021;;0;496700.33;496700.33;;;31/03/2021;;;;;20;N;31/03/2021
343;274380;DECALIA SICAV-CIRCULAR ECONOMY;USD;;;;;;;07/01/2021;0;Purchase spot contract ~;07/01/2021;;0;121418.44;121418.44;;;31/03/2021;;;;;20;Y;31/03/2021
343;274380;DECALIA SICAV-CIRCULAR ECONOMY;USD;;;;;;;06/01/2021;0;Purchase spot contract ~;06/01/2021;;0;1299999.99;1299999.99;;;31/03/2021;;;;;20;N;31/03/2021
343;274380;DECALIA SICAV-CIRCULAR ECONOMY;USD;;;;;;;05/01/2021;0;Purchase spot contract ~;05/01/2021;;0;330000.01;330000.01;;;31/03/2021;;;;;20;N;31/03/2021
343;274380;DECALIA SICAV-CIRCULAR ECONOMY;USD;US1729674242;CITIGROUP;share;USD;65.6004;55.815838;15/01/2021;1;Sale on stock market ~;15/01/2021;USD;7999.99992;524803.2;524803.2;446526.703507;.850846;31/03/2021;;;65.6004;;20;N;31/03/2021
343;274380;DECALIA SICAV-CIRCULAR ECONOMY;USD;US1729674242;CITIGROUP;share;USD;67.121831;57.110341;07/01/2021;1;Sale on stock market ~;07/01/2021;USD;10000;671218.31;671218.31;571103.41419;.850846;31/03/2021;;;67.121831;;20;N;31/03/2021
343;274380;DECALIA SICAV-CIRCULAR ECONOMY;USD;US30303M1027;FACEBOOK 'A';share;USD;264.56292;225.102302;19/02/2021;1;Sale on stock market ~;19/02/2021;USD;3000;793688.76;793688.76;675306.906691;.850846;31/03/2021;;;264.56292;;20;N;31/03/2021
343;274380;DECALIA SICAV-CIRCULAR ECONOMY;USD;US0231351067;AMAZON.COM;share;USD;3314.403467;2820.046932;19/02/2021;1;Sale on stock market ~;19/02/2021;USD;300;994321.04;994321.04;846014.0796;.850846;31/03/2021;;;3314.403467;;20;N;31/03/2021
343;274380;DECALIA SICAV-CIRCULAR ECONOMY;USD;CH0010645932;GIVAUDAN;share;CHF;3650.558333;3300.287261;14/01/2021;.88895;Sale on stock market ~;14/01/2021;CHF;240.000001;876134;985582.99;792068.9427;.90405;31/03/2021;;;3650.558333;;20;N;31/03/2021
343;274380;DECALIA SICAV-CIRCULAR ECONOMY;USD;US2310211063;CUMMINS;share;USD;246.17475;209.456801;22/01/2021;1;Purchase on stock market ~;22/01/2021;USD;2000.00002;492349.5;492349.5;418913.602677;.850846;31/03/2021;;;246.17475;;20;N;31/03/2021
343;274380;DECALIA SICAV-CIRCULAR ECONOMY;USD;GB00BVYVFW23;AUTO TRADER GROUP;share;GBP;5.713049;6.706622;09/03/2021;.719813;Purchase on stock market ~;09/03/2021;GBP;25000;142826.23;198421.34;167665.568138;1.173913;31/03/2021;;;5.713049;;20;N;31/03/2021
343;274380;DECALIA SICAV-CIRCULAR ECONOMY;USD;US29786A1060;ETSY;share;USD;218.562185;185.962761;14/01/2021;1;Purchase on stock market ~;14/01/2021;USD;2000;437124.36;437124.36;371925.513209;.850846;31/03/2021;;;218.562185;;20;N;31/03/2021
343;274380;DECALIA SICAV-CIRCULAR ECONOMY;USD;US92220P1057;VARIAN MEDICAL SYSTEMS;share;USD;176.221537;149.93739;05/02/2021;1;Sale on stock market ~;05/02/2021;USD;3000;528664.6;528664.6;449812.160252;.850846;31/03/2021;;;176.221537;;20;N;31/03/2021
343;274380;DECALIA SICAV-CIRCULAR ECONOMY;USD;GB00B1CRLC47;MONDI (GBP);share;GBP;18.605461;21.841193;14/01/2021;.731047;Purchase on stock market ~;14/01/2021;GBP;15000;279081.92;381756.16;327617.893953;1.173913;31/03/2021;;;18.605461;;20;N;31/03/2021
343;274380;DECALIA SICAV-CIRCULAR ECONOMY;USD;NL0010583399;CORBION;share;EUR;46.477061;46.477061;26/01/2021;.821929;Sale on stock market ~;26/01/2021;EUR;4634.000047;215374.7;262035.63;215374.7;1;31/03/2021;;;46.477061;;20;N;31/03/2021
343;274380;DECALIA SICAV-CIRCULAR ECONOMY;USD;US00724F1012;ADOBE;share;USD;482.703125;410.706023;02/02/2021;1;Purchase on stock market ~;02/02/2021;USD;800;386162.5;386162.5;328564.818475;.850846;31/03/2021;;;482.703125;;20;N;31/03/2021
343;274380;DECALIA SICAV-CIRCULAR ECONOMY;USD;US00724F1012;ADOBE;share;USD;463.825443;394.644023;15/01/2021;1;Purchase on stock market ~;15/01/2021;USD;699.999993;324677.8;324677.8;276250.807419;.850846;31/03/2021;;;463.825443;;20;N;31/03/2021
343;274380;DECALIA SICAV-CIRCULAR ECONOMY;USD;US22160K1051;COSTCO WHOLESALE;share;USD;320.04948;272.31282;08/03/2021;1;Sale on stock market ~;08/03/2021;USD;1500;480074.22;480074.22;408469.22979;.850846;31/03/2021;;;320.04948;;20;N;31/03/2021
343;274380;DECALIA SICAV-CIRCULAR ECONOMY;USD;US46625H1005;JPMORGAN CHASE;share;USD;139.272894;118.499785;05/02/2021;1;Purchase on stock market ~;05/02/2021;USD;8000;1114183.15;1114183.15;947998.276445;.850846;31/03/2021;;;139.272894;;20;N;31/03/2021
343;274380;DECALIA SICAV-CIRCULAR ECONOMY;USD;IT0004176001;PRYSMIAN;share;EUR;29.360279;29.360279;12/01/2021;.82247;Sale on stock market ~;12/01/2021;EUR;15000;440404.19;535465.43;440404.19;1;31/03/2021;;;29.360279;;20;N;31/03/2021
343;274380;DECALIA SICAV-CIRCULAR ECONOMY;USD;IT0004176001;PRYSMIAN;share;EUR;30.75;30.75;07/01/2021;.815694;Sale on stock market ~;07/01/2021;EUR;10000;307500;376979.63;307500;1;31/03/2021;;;30.75;;20;N;31/03/2021
343;274380;DECALIA SICAV-CIRCULAR ECONOMY;USD;NL0000687663;AERCAP HOLDINGS;share;USD;49.13384;41.805331;01/03/2021;1;Purchase on stock market ~;01/03/2021;USD;5000;245669.2;245669.2;209026.656143;.850846;31/03/2021;;;49.13384;;20;N;31/03/2021
343;274380;DECALIA SICAV-CIRCULAR ECONOMY;USD;NL0000687663;AERCAP HOLDINGS;share;USD;45.545525;38.752228;19/02/2021;1;Purchase on stock market ~;19/02/2021;USD;18000;819819.45;819819.45;697540.099755;.850846;31/03/2021;;;45.545525;;20;N;31/03/2021
343;274380;DECALIA SICAV-CIRCULAR ECONOMY;USD;US0382221051;APPLIED MATERIALS;share;USD;120.952048;102.911566;24/03/2021;1;Purchase on stock market ~;24/03/2021;USD;9500;1149044.46;1149044.46;977659.882613;.850846;31/03/2021;;;120.952048;;20;N;31/03/2021
343;274380;DECALIA SICAV-CIRCULAR ECONOMY;USD;US1890541097;CLOROX;share;USD;194.822063;165.763573;12/01/2021;1;Purchase on stock market ~;12/01/2021;USD;2700;526019.57;526019.57;447561.647056;.850846;31/03/2021;;;194.822063;;20;N;31/03/2021
343;274380;DECALIA SICAV-CIRCULAR ECONOMY;USD;US5010441013;KROGER;share;USD;34.069394;28.987808;15/01/2021;1;Purchase on stock market ~;15/01/2021;USD;7999.99992;272555.14;272555.14;231902.450648;.850846;31/03/2021;;;34.069394;;20;N;31/03/2021
343;274380;DECALIA SICAV-CIRCULAR ECONOMY;USD;US68902V1070;OTIS WORLDWIDE;share;USD;66.512745;56.592103;02/02/2021;1;Purchase on stock market ~;02/02/2021;USD;4000;266050.99;266050.99;226368.420638;.850846;31/03/2021;;;66.512745;;20;N;31/03/2021
343;274380;DECALIA SICAV-CIRCULAR ECONOMY;USD;US8716071076;SYNOPSYS;share;USD;224.211015;190.769045;08/03/2021;1;Sale on stock market ~;08/03/2021;USD;4000;896844.06;896844.06;763076.181075;.850846;31/03/2021;;;224.211015;;20;N;31/03/2021
343;274380;DECALIA SICAV-CIRCULAR ECONOMY;USD;US2172041061;COPART;share;USD;110.100265;93.67837;16/03/2021;1;Sale on stock market ~;16/03/2021;USD;4000;440401.06;440401.06;374713.480297;.850846;31/03/2021;;;110.100265;;20;N;31/03/2021
343;274380;DECALIA SICAV-CIRCULAR ECONOMY;USD;US2283681060;CROWN HOLDINGS;share;USD;93.01625;79.142504;26/01/2021;1;Sale on stock market ~;26/01/2021;USD;2000.00002;186032.51;186032.51;158285.017003;.850846;31/03/2021;;;93.01625;;20;N;31/03/2021
343;274380;DECALIA SICAV-CIRCULAR ECONOMY;USD;US5018892084;LKQ;share;USD;43.59359;37.091432;19/03/2021;1;Purchase on stock market ~;19/03/2021;USD;25000;1089839.75;1089839.75;927285.791929;.850846;31/03/2021;;;43.59359;;20;N;31/03/2021
343;274380;DECALIA SICAV-CIRCULAR ECONOMY;USD;;;;;;;30/03/2021;0;Purchase spot contract ~;30/03/2021;;0;316447.56;316447.56;;;31/03/2021;;;;;20;N;31/03/2021
343;274380;DECALIA SICAV-CIRCULAR ECONOMY;USD;;Repayment forward contract ~ Bought USD 361,904.87 Sold CHF 331,000.00;;USD;.914605;.778188;01/03/2021;0;Purchase forward contract ~;01/03/2021;CHF;0;361904.87;361904.87;327180.097724;.90405;31/03/2021;;;.914605;;40;Y;31/03/2021
343;274380;DECALIA SICAV-CIRCULAR ECONOMY;USD;;;;;;;18/03/2021;0;Purchase spot contract ~;18/03/2021;;0;810520.57;810520.57;;;31/03/2021;;;;;20;N;31/03/2021
343;274380;DECALIA SICAV-CIRCULAR ECONOMY;USD;;;;;;;16/03/2021;0;Purchase spot contract ~;16/03/2021;;0;170000.01;170000.01;;;31/03/2021;;;;;20;N;31/03/2021
343;274380;DECALIA SICAV-CIRCULAR ECONOMY;USD;;;;;;;03/03/2021;0;Purchase spot contract ~;03/03/2021;;0;1013449.92;1013449.92;;;31/03/2021;;;;;20;N;31/03/2021
343;274380;DECALIA SICAV-CIRCULAR ECONOMY;USD;;;;;;;01/03/2021;0;Purchase spot contract ~;01/03/2021;;0;430000;430000;;;31/03/2021;;;;;20;N;31/03/2021
343;274380;DECALIA SICAV-CIRCULAR ECONOMY;USD;;Repayment forward contract ~ Bought EUR 22,670,679.92 Sold USD 27,494,093.78;;EUR;1.21276;1.21276;27/01/2021;0;Purchase forward contract ~;27/01/2021;USD;0;22670679.92;22670679.92;19289257.327212;.850846;31/03/2021;;;1.21276;;40;Y;31/03/2021
343;274380;DECALIA SICAV-CIRCULAR ECONOMY;USD;;;;;;;23/02/2021;0;Purchase spot contract ~;23/02/2021;;0;172061;172061;;;31/03/2021;;;;;20;Y;31/03/2021
343;274380;DECALIA SICAV-CIRCULAR ECONOMY;USD;;;;;;;18/02/2021;0;Purchase spot contract ~;18/02/2021;;0;135547;135547;;;31/03/2021;;;;;20;Y;31/03/2021
343;274380;DECALIA SICAV-CIRCULAR ECONOMY;USD;;Purchase forward contract ~ Bought EUR 565,645.70 Sold USD 685,000.00;;EUR;1.211005;1.211005;16/02/2021;0;Purchase forward contract ~;16/02/2021;USD;0;565645.7;565645.7;481277.381262;.850846;31/03/2021;;;1.211005;;20;Y;31/03/2021
343;274380;DECALIA SICAV-CIRCULAR ECONOMY;USD;;;;;;;12/02/2021;0;Purchase spot contract ~;12/02/2021;;0;250000;250000;;;31/03/2021;;;;;20;N;31/03/2021
343;274380;DECALIA SICAV-CIRCULAR ECONOMY;USD;;Purchase forward contract ~ Bought CHF 793,087.56 Sold USD 891,000.00;;CHF;.890109;.804703;10/02/2021;0;Purchase forward contract ~;10/02/2021;USD;0;793087.56;793087.56;674795.378076;.850846;31/03/2021;;;.890109;;20;Y;31/03/2021
343;274380;DECALIA SICAV-CIRCULAR ECONOMY;USD;;;;;;;04/02/2021;0;Purchase spot contract ~;04/02/2021;;0;26999.02;26999.02;;;31/03/2021;;;;;20;Y;31/03/2021
343;274380;DECALIA SICAV-CIRCULAR ECONOMY;USD;;;;;;;02/02/2021;0;Purchase spot contract ~;02/02/2021;;0;275522.35;275522.35;;;31/03/2021;;;;;20;Y;31/03/2021
343;274380;DECALIA SICAV-CIRCULAR ECONOMY;USD;;;;;;;01/02/2021;0;Purchase spot contract ~;01/02/2021;;0;216180;216180;;;31/03/2021;;;;;20;Y;31/03/2021
343;274380;DECALIA SICAV-CIRCULAR ECONOMY;USD;;Repayment forward contract ~ Bought CHF 12,599,566.46 Sold USD 14,215,515.14;;CHF;.886325;.801282;29/12/2020;0;Purchase forward contract ~;29/12/2020;USD;0;12599566.46;12599566.46;10720290.724225;.850846;31/03/2021;;;.886325;;40;Y;31/03/2021
343;274380;DECALIA SICAV-CIRCULAR ECONOMY;USD;;Repayment forward contract ~ Bought EUR 287,966.14 Sold USD 354,000.00;;EUR;1.229311;1.229311;30/12/2020;0;Purchase forward contract ~;30/12/2020;USD;0;287966.14;287966.14;245014.838354;.850846;31/03/2021;;;1.229311;;40;Y;31/03/2021
343;274380;DECALIA SICAV-CIRCULAR ECONOMY;USD;;Repayment forward contract ~ Bought JPY 491,485,484.00 Sold EUR 4,000,000.00;;JPY;122.871371;.94611;24/09/2020;0;Purchase forward contract ~;24/09/2020;EUR;0;491485488.91;491485488.91;491485488.91;1;31/03/2021;;;122.871371;;40;N;31/03/2021
343;274380;DECALIA SICAV-CIRCULAR ECONOMY;USD;;;;;;;21/01/2021;0;Purchase spot contract ~;21/01/2021;;0;138702.38;138702.38;;;31/03/2021;;;;;20;Y;31/03/2021
343;274380;DECALIA SICAV-CIRCULAR ECONOMY;USD;;;;;;;21/01/2021;0;Purchase spot contract ~;21/01/2021;;0;83999999.16;83999999.16;;;31/03/2021;;;;;20;N;31/03/2021
343;274380;DECALIA SICAV-CIRCULAR ECONOMY;USD;;;;;;;20/01/2021;0;Purchase spot contract ~;20/01/2021;;0;26808.58;26808.58;;;31/03/2021;;;;;20;Y;31/03/2021
343;274380;DECALIA SICAV-CIRCULAR ECONOMY;USD;;;;;;;19/01/2021;0;Purchase spot contract ~;19/01/2021;;0;200000;200000;;;31/03/2021;;;;;20;N;31/03/2021
343;274380;DECALIA SICAV-CIRCULAR ECONOMY;USD;;;;;;;13/01/2021;0;Purchase spot contract ~;13/01/2021;;0;78391;78391;;;31/03/2021;;;;;20;Y;31/03/2021
343;274380;DECALIA SICAV-CIRCULAR ECONOMY;USD;;;;;;;07/01/2021;0;Purchase spot contract ~;07/01/2021;;0;570000;570000;;;31/03/2021;;;;;20;N;31/03/2021
343;274380;DECALIA SICAV-CIRCULAR ECONOMY;USD;;;;;;;07/01/2021;0;Purchase spot contract ~;07/01/2021;;0;373000;373000;;;31/03/2021;;;;;20;Y;31/03/2021
343;274380;DECALIA SICAV-CIRCULAR ECONOMY;USD;;;;;;;05/01/2021;0;Purchase spot contract ~;05/01/2021;;0;55911;55911;;;31/03/2021;;;;;20;Y;31/03/2021
343;274380;DECALIA SICAV-CIRCULAR ECONOMY;USD;US0378331005;APPLE;share;USD;121.784296;103.619681;23/02/2021;1;Sale on stock market ~;23/02/2021;USD;9000;1096058.66;1096058.66;932577.126626;.850846;31/03/2021;;;121.784296;;20;N;31/03/2021
343;274380;DECALIA SICAV-CIRCULAR ECONOMY;USD;CH0012032048;ROCHE HOLDING D.RIGHT;share;CHF;310.972725;281.134892;05/02/2021;.9005;Sale on stock market ~;05/02/2021;CHF;1200;373167.28;414400.08;337361.879484;.90405;31/03/2021;;;310.972725;;20;N;31/03/2021
343;274380;DECALIA SICAV-CIRCULAR ECONOMY;USD;US2310211063;CUMMINS;share;USD;242.181483;206.059146;14/01/2021;1;Purchase on stock market ~;14/01/2021;USD;1200;290617.78;290617.78;247270.975642;.850846;31/03/2021;;;242.181483;;20;N;31/03/2021
343;274380;DECALIA SICAV-CIRCULAR ECONOMY;USD;US50540R4092;LABORATORY CORP AMERICA HOLDINGS;share;USD;224.56957;191.07412;19/01/2021;1;Purchase on stock market ~;19/01/2021;USD;1999.99998;449139.14;449139.14;382148.240712;.850846;31/03/2021;;;224.56957;;20;N;31/03/2021
343;274380;DECALIA SICAV-CIRCULAR ECONOMY;USD;DK0010268606;VESTAS WIND SYSTEMS;share;DKK;1366.94275;183.796388;16/02/2021;6.13645;Purchase on stock market ~;16/02/2021;DKK;1000;1366942.76;222757.9;183796.389624;.134458;31/03/2021;;;1366.94275;;20;N;31/03/2021
343;274380;DECALIA SICAV-CIRCULAR ECONOMY;USD;NL0011821392;SIGNIFY;share;EUR;40.36;40.36;19/01/2021;.824572;Purchase on stock market ~;19/01/2021;EUR;4999.99995;201800;244732.95;201800;1;31/03/2021;;;40.36;;20;N;31/03/2021
343;274380;DECALIA SICAV-CIRCULAR ECONOMY;USD;IE00B4BNMY34;ACCENTURE 'A';share;USD;254.9665;216.937227;08/03/2021;1;Sale on stock market ~;08/03/2021;USD;3000;764899.49;764899.49;650811.671469;.850846;31/03/2021;;;254.9665;;20;N;31/03/2021
343;274380;DECALIA SICAV-CIRCULAR ECONOMY;USD;CH0025751329;LOGITECH INTERNATIONAL;share;CHF;87.293025;78.917259;05/01/2021;.87935;Purchase on stock market ~;05/01/2021;CHF;2000.00002;174586.05;198539.89;157834.518503;.90405;31/03/2021;;;87.293025;;20;N;31/03/2021
343;274380;DECALIA SICAV-CIRCULAR ECONOMY;USD;NL0000687663;AERCAP HOLDINGS;share;USD;59.00063;50.20045;08/03/2021;1;Sale on stock market ~;08/03/2021;USD;5000;295003.15;295003.15;251002.250165;.850846;31/03/2021;;;59.00063;;20;N;31/03/2021
343;274380;DECALIA SICAV-CIRCULAR ECONOMY;USD;NL0000687663;AERCAP HOLDINGS;share;USD;48.53439;41.295292;03/03/2021;1;Purchase on stock market ~;03/03/2021;USD;5000;242671.95;242671.95;206476.45797;.850846;31/03/2021;;;48.53439;;20;N;31/03/2021
343;274380;DECALIA SICAV-CIRCULAR ECONOMY;USD;US0382221051;APPLIED MATERIALS;share;USD;125.6955;106.947513;30/03/2021;1;Purchase on stock market ~;30/03/2021;USD;1000;125695.49;125695.49;106947.504885;.850846;31/03/2021;;;125.6955;;20;N;31/03/2021
343;274380;DECALIA SICAV-CIRCULAR ECONOMY;USD;US1890541097;CLOROX;share;USD;192.455;163.749567;17/03/2021;1;Purchase on stock market ~;17/03/2021;USD;1000.00001;192455;192455;163749.56693;.850846;31/03/2021;;;192.455;;20;N;31/03/2021
343;274380;DECALIA SICAV-CIRCULAR ECONOMY;USD;US1890541097;CLOROX;share;USD;200.01288;170.180159;22/01/2021;1;Purchase on stock market ~;22/01/2021;USD;2000.00002;400025.76;400025.76;340360.317793;.850846;31/03/2021;;;200.01288;;20;N;31/03/2021
343;274380;DECALIA SICAV-CIRCULAR ECONOMY;USD;US5010441013;KROGER;share;USD;35.356286;30.082755;26/01/2021;1;Purchase on stock market ~;26/01/2021;USD;7000.00007;247494;247494;210579.279924;.850846;31/03/2021;;;35.356286;;20;N;31/03/2021
343;274380;DECALIA SICAV-CIRCULAR ECONOMY;USD;US87612E1064;TARGET;share;USD;176.662167;150.312298;08/03/2021;1;Purchase on stock market ~;08/03/2021;USD;3000;529986.5;529986.5;450936.893579;.850846;31/03/2021;;;176.662167;;20;N;31/03/2021
343;274380;DECALIA SICAV-CIRCULAR ECONOMY;USD;US3687361044;GENERAC HOLDINGS;share;USD;326.9984;278.225281;12/02/2021;1;Purchase on stock market ~;12/02/2021;USD;2500;817496;817496;695563.201616;.850846;31/03/2021;;;326.9984;;20;N;31/03/2021
343;274380;DECALIA SICAV-CIRCULAR ECONOMY;USD;US0091581068;AIR PRODUCTS & CHEMICALS;share;USD;262.664683;223.487195;22/02/2021;1;Sale on stock market ~;22/02/2021;USD;4000;1050658.72;1050658.72;893948.769277;.850846;31/03/2021;;;262.664683;;20;N;31/03/2021
343;274380;DECALIA SICAV-CIRCULAR ECONOMY;USD;US5018892084;LKQ;share;USD;42.101664;35.822032;30/03/2021;1;Purchase on stock market ~;30/03/2021;USD;10000;421016.64;421016.64;358220.324077;.850846;31/03/2021;;;42.101664;;20;N;31/03/2021
343;274380;DECALIA SICAV-CIRCULAR ECONOMY;USD;;;;;;;30/03/2021;0;Purchase spot contract ~;30/03/2021;;0;1230000;1230000;;;31/03/2021;;;;;20;N;31/03/2021
343;274380;DECALIA SICAV-CIRCULAR ECONOMY;USD;US00183L1026;ANGI HOMESERVICES 'A';share;USD;15.813638;13.454971;25/02/2021;1;Purchase on stock market ~;25/02/2021;USD;4000;63254.55;63254.55;53819.880849;.850846;31/03/2021;;;15.813638;;20;N;31/03/2021
343;274380;DECALIA SICAV-CIRCULAR ECONOMY;USD;US00183L1026;ANGI HOMESERVICES 'A';share;USD;14.391658;12.245085;24/02/2021;1;Purchase on stock market ~;24/02/2021;USD;25000;359791.45;359791.45;306127.116067;.850846;31/03/2021;;;14.391658;;20;N;31/03/2021
343;274380;DECALIA SICAV-CIRCULAR ECONOMY;USD;JP3866800000;PANASONIC;share;JPY;1360;10.472;17/03/2021;109.219972;Purchase on stock market ~;17/03/2021;JPY;40000.0004;54400000.54;498077.4;418880.004158;.0077;31/03/2021;;;1360;;20;N;31/03/2021
343;274380;DECALIA SICAV-CIRCULAR ECONOMY;USD;;Purchase forward contract ~ Bought EUR 350,457.13 Sold USD 412,000.00;;EUR;1.175607;1.175607;31/03/2021;0;Purchase forward contract ~;31/03/2021;USD;0;350457.13;350457.13;298185.047232;.850846;31/03/2021;;;1.175607;;20;Y;31/03/2021
343;274380;DECALIA SICAV-CIRCULAR ECONOMY;USD;;;;;;;29/03/2021;0;Purchase spot contract ~;29/03/2021;;0;423484.06;423484.06;;;31/03/2021;;;;;20;Y;31/03/2021
343;274380;DECALIA SICAV-CIRCULAR ECONOMY;USD;;;;;;;17/03/2021;0;Purchase spot contract ~;17/03/2021;;0;15670;15670;;;31/03/2021;;;;;20;Y;31/03/2021
343;274380;DECALIA SICAV-CIRCULAR ECONOMY;USD;;Purchase forward contract ~ Bought CHF 505,770.25 Sold USD 545,000.00;;CHF;.928019;.838976;17/03/2021;0;Purchase forward contract ~;17/03/2021;USD;0;505770.25;505770.25;430332.594132;.850846;31/03/2021;;;.928019;;20;Y;31/03/2021
343;274380;DECALIA SICAV-CIRCULAR ECONOMY;USD;;;;;;;11/03/2021;0;Purchase spot contract ~;11/03/2021;;0;162820.7;162820.7;;;31/03/2021;;;;;20;Y;31/03/2021
343;274380;DECALIA SICAV-CIRCULAR ECONOMY;USD;;;;;;;10/03/2021;0;Purchase spot contract ~;10/03/2021;;0;127032.05;127032.05;;;31/03/2021;;;;;20;Y;31/03/2021
343;274380;DECALIA SICAV-CIRCULAR ECONOMY;USD;;;;;;;09/03/2021;0;Purchase spot contract ~;09/03/2021;;0;72381.26;72381.26;;;31/03/2021;;;;;20;Y;31/03/2021
343;274380;DECALIA SICAV-CIRCULAR ECONOMY;USD;;;;;;;08/03/2021;0;Purchase spot contract ~;08/03/2021;;0;377000;377000;;;31/03/2021;;;;;20;Y;31/03/2021
343;274380;DECALIA SICAV-CIRCULAR ECONOMY;USD;;Purchase forward contract ~ Bought USD 446,866.58 Sold EUR 377,000.00;;USD;1.185322;1.008526;08/03/2021;0;Purchase forward contract ~;08/03/2021;EUR;0;446866.58;446866.58;446866.58;1;31/03/2021;;;1.185322;;20;Y;31/03/2021
343;274380;DECALIA SICAV-CIRCULAR ECONOMY;USD;;Purchase forward contract ~ Bought EUR 668,584.67 Sold USD 801,000.00;;EUR;1.198053;1.198053;04/03/2021;0;Purchase forward contract ~;04/03/2021;USD;0;668584.67;668584.67;568862.592131;.850846;31/03/2021;;;1.198053;;20;Y;31/03/2021
343;274380;DECALIA SICAV-CIRCULAR ECONOMY;USD;;;;;;;02/03/2021;0;Purchase spot contract ~;02/03/2021;;0;390000;390000;;;31/03/2021;;;;;20;Y;31/03/2021
343;274380;DECALIA SICAV-CIRCULAR ECONOMY;USD;;;;;;;01/03/2021;0;Purchase spot contract ~;01/03/2021;;0;139544;139544;;;31/03/2021;;;;;20;Y;31/03/2021
343;274380;DECALIA SICAV-CIRCULAR ECONOMY;USD;;;;;;;25/02/2021;0;Purchase spot contract ~;25/02/2021;;0;15522;15522;;;31/03/2021;;;;;20;Y;31/03/2021
343;274380;DECALIA SICAV-CIRCULAR ECONOMY;USD;;;;;;;24/02/2021;0;Purchase spot contract ~;24/02/2021;;0;100136;100136;;;31/03/2021;;;;;20;Y;31/03/2021
343;274380;DECALIA SICAV-CIRCULAR ECONOMY;USD;;Repayment forward contract ~ Bought EUR 354,905.31 Sold USD 425,000.00;;EUR;1.197503;1.197503;04/02/2021;0;Purchase forward contract ~;04/02/2021;USD;0;354905.31;354905.31;301969.763392;.850846;31/03/2021;;;1.197503;;40;Y;31/03/2021
343;274380;DECALIA SICAV-CIRCULAR ECONOMY;USD;;;;;;;16/02/2021;0;Purchase spot contract ~;16/02/2021;;0;33006.13;33006.13;;;31/03/2021;;;;;20;Y;31/03/2021
343;274380;DECALIA SICAV-CIRCULAR ECONOMY;USD;;;;;;;12/02/2021;0;Purchase spot contract ~;12/02/2021;;0;162719.09;162719.09;;;31/03/2021;;;;;20;Y;31/03/2021
343;274380;DECALIA SICAV-CIRCULAR ECONOMY;USD;;Purchase forward contract ~ Bought USD 396,222.40 Sold CHF 356,000.00;;USD;.898485;.764472;02/02/2021;0;Purchase forward contract ~;02/02/2021;CHF;0;396222.4;396222.4;358204.86072;.90405;31/03/2021;;;.898485;;20;Y;31/03/2021
343;274380;DECALIA SICAV-CIRCULAR ECONOMY;USD;;;;;;;01/02/2021;0;Purchase spot contract ~;01/02/2021;;0;390840;390840;;;31/03/2021;;;;;20;Y;31/03/2021
343;274380;DECALIA SICAV-CIRCULAR ECONOMY;USD;;;;;;;29/01/2021;0;Purchase spot contract ~;31/01/2021;;0;157484.69;157484.69;;;31/03/2021;;;;;20;Y;31/03/2021
343;274380;DECALIA SICAV-CIRCULAR ECONOMY;USD;;Purchase forward contract ~ Bought CHF 13,256,029.75 Sold USD 14,931,828.91;;CHF;.88777;.802588;27/01/2021;0;Purchase forward contract ~;27/01/2021;USD;0;13256029.75;13256029.75;11278839.888669;.850846;31/03/2021;;;.88777;;20;Y;31/03/2021
343;274380;DECALIA SICAV-CIRCULAR ECONOMY;USD;;Purchase forward contract ~ Bought EUR 372,439.45 Sold USD 453,000.00;;EUR;1.216305;1.216305;26/01/2021;0;Purchase forward contract ~;26/01/2021;USD;0;372439.45;372439.45;316888.616275;.850846;31/03/2021;;;1.216305;;20;Y;31/03/2021
343;274380;DECALIA SICAV-CIRCULAR ECONOMY;USD;;;;;;;15/01/2021;0;Purchase spot contract ~;15/01/2021;;0;135238;135238;;;31/03/2021;;;;;20;Y;31/03/2021
343;274380;DECALIA SICAV-CIRCULAR ECONOMY;USD;;Purchase forward contract ~ Bought EUR 397,505.48 Sold USD 481,000.00;;EUR;1.210046;1.210046;15/01/2021;0;Purchase forward contract ~;15/01/2021;USD;0;397505.48;397505.48;338215.947636;.850846;31/03/2021;;;1.210046;;20;Y;31/03/2021
343;274380;DECALIA SICAV-CIRCULAR ECONOMY;USD;;;;;;;12/01/2021;0;Purchase spot contract ~;12/01/2021;;0;260017;260017;;;31/03/2021;;;;;20;Y;31/03/2021
343;274380;DECALIA SICAV-CIRCULAR ECONOMY;USD;;;;;;;11/01/2021;0;Purchase spot contract ~;11/01/2021;;0;376000;376000;;;31/03/2021;;;;;20;Y;31/03/2021
343;274380;DECALIA SICAV-CIRCULAR ECONOMY;USD;;;;;;;07/01/2021;0;Purchase spot contract ~;07/01/2021;;0;74764.11;74764.11;;;31/03/2021;;;;;20;Y;31/03/2021
343;274380;DECALIA SICAV-CIRCULAR ECONOMY;USD;;;;;;;06/01/2021;0;Purchase spot contract ~;06/01/2021;;0;29047.31;29047.31;;;31/03/2021;;;;;20;Y;31/03/2021
343;274380;DECALIA SICAV-CIRCULAR ECONOMY;USD;;;;;;;04/01/2021;0;Purchase spot contract ~;04/01/2021;;0;18114.35;18114.35;;;31/03/2021;;;;;20;Y;31/03/2021
343;274380;DECALIA SICAV-CIRCULAR ECONOMY;USD;US03662Q1058;ANSYS;share;USD;337.833;287.443857;29/03/2021;1;Sale on stock market ~;29/03/2021;USD;3000;1013499;1013499;862331.570154;.850846;31/03/2021;;;337.833;;20;N;31/03/2021
343;274380;DECALIA SICAV-CIRCULAR ECONOMY;USD;US8725401090;TJX;share;USD;66.498625;56.580089;09/03/2021;1;Purchase on stock market ~;09/03/2021;USD;4000;265994.51;265994.51;226320.364855;.850846;31/03/2021;;;66.498625;;20;N;31/03/2021
343;274380;DECALIA SICAV-CIRCULAR ECONOMY;USD;CH0010645932;GIVAUDAN;share;CHF;3702;3346.7931;07/01/2021;.88525;Sale on stock market ~;07/01/2021;CHF;120;444240;501824.34;401615.172;.90405;31/03/2021;;;3702;;20;N;31/03/2021
343;274380;DECALIA SICAV-CIRCULAR ECONOMY;USD;IE0004927939;KINGSPAN GROUP;share;EUR;62.881638;62.881638;19/02/2021;.824606;Purchase on stock market ~;19/02/2021;EUR;12000;754579.66;915078.75;754579.66;1;31/03/2021;;;62.881638;;20;N;31/03/2021
343;274380;DECALIA SICAV-CIRCULAR ECONOMY;USD;US94106L1098;WASTE MANAGEMENT;share;USD;114.576125;97.486638;15/01/2021;1;Purchase on stock market ~;15/01/2021;USD;1999.99998;229152.24;229152.24;194973.266795;.850846;31/03/2021;;;114.576125;;20;N;31/03/2021
343;274380;DECALIA SICAV-CIRCULAR ECONOMY;USD;DK0010268606;VESTAS WIND SYSTEMS;share;DKK;1521.5;204.577847;11/01/2021;6.12065;Sale on stock market ~;11/01/2021;DKK;2999.99997;4564499.95;745754.1;613733.534277;.134458;31/03/2021;;;1521.5;;20;N;31/03/2021
343;274380;DECALIA SICAV-CIRCULAR ECONOMY;USD;FR0000121972;SCHNEIDER ELECTRIC;share;EUR;126.75;126.75;18/03/2021;.838575;Sale on stock market ~;18/03/2021;EUR;5500.000055;697125;831321.57;697125;1;31/03/2021;;;126.75;;20;N;31/03/2021
343;274380;DECALIA SICAV-CIRCULAR ECONOMY;USD;DE0007164600;SAP;share;EUR;103.338233;103.338233;22/02/2021;.823893;Sale on stock market ~;22/02/2021;EUR;7500;775036.75;940700.86;775036.75;1;31/03/2021;;;103.338233;;20;N;31/03/2021
343;274380;DECALIA SICAV-CIRCULAR ECONOMY;USD;IT0004176001;PRYSMIAN;share;EUR;26.647415;26.647415;26/02/2021;.823859;Sale on stock market ~;26/02/2021;EUR;20000.0002;532948.3;646892.66;532948.3;1;31/03/2021;;;26.647415;;20;N;31/03/2021
343;274380;DECALIA SICAV-CIRCULAR ECONOMY;USD;JP3435000009;SONY;share;JPY;11100;85.47;10/03/2021;108.625039;Sale on stock market ~;10/03/2021;JPY;13000;144300000.01;1328423;1111110.000077;.0077;31/03/2021;;;11100;;20;N;31/03/2021
343;274380;DECALIA SICAV-CIRCULAR ECONOMY;USD;US1890541097;CLOROX;share;USD;198.495;168.888677;05/01/2021;1;Purchase on stock market ~;05/01/2021;USD;5200.000052;1032174.02;1032174.02;878221.136221;.850846;31/03/2021;;;198.495;;20;N;31/03/2021
343;274380;DECALIA SICAV-CIRCULAR ECONOMY;USD;US0536111091;AVERY DENNISON;share;USD;183.971388;156.53132;08/03/2021;1;Purchase on stock market ~;08/03/2021;USD;6000;1103828.32;1103828.32;939187.910759;.850846;31/03/2021;;;183.971388;;20;N;31/03/2021
343;274380;DECALIA SICAV-CIRCULAR ECONOMY;USD;JP3866800000;PANASONIC;share;JPY;1490;11.473;15/02/2021;105.364983;Purchase on stock market ~;15/02/2021;JPY;19999.9998;29799999.7;282826.41;229459.99769;.0077;31/03/2021;;;1490;;20;N;31/03/2021
343;274380;DECALIA SICAV-CIRCULAR ECONOMY;USD;US4824801009;KLA CORPORATION;share;USD;303.744913;258.440144;16/03/2021;1;Purchase on stock market ~;16/03/2021;USD;4000;1214979.65;1214979.65;1033760.575284;.850846;31/03/2021;;;303.744913;;20;N;31/03/2021
343;274380;DECALIA SICAV-CIRCULAR ECONOMY;USD;;Purchase forward contract ~ Bought EUR 527,463.10 Sold USD 619,000.00;;EUR;1.173542;1.173542;30/03/2021;0;Purchase forward contract ~;30/03/2021;USD;0;527463.1;527463.1;448789.868783;.850846;31/03/2021;;;1.173542;;20;Y;31/03/2021
343;274380;DECALIA SICAV-CIRCULAR ECONOMY;USD;;Repayment forward contract ~ Bought CHF 307,119.05 Sold USD 330,000.00;;CHF;.930664;.841367;12/03/2021;0;Purchase forward contract ~;12/03/2021;USD;0;307119.05;307119.05;261311.015216;.850846;31/03/2021;;;.930664;;40;Y;31/03/2021
343;274380;DECALIA SICAV-CIRCULAR ECONOMY;USD;;;;;;;26/03/2021;0;Purchase spot contract ~;26/03/2021;;0;24544.65;24544.65;;;31/03/2021;;;;;20;Y;31/03/2021
343;274380;DECALIA SICAV-CIRCULAR ECONOMY;USD;;;;;;;26/03/2021;0;Purchase spot contract ~;26/03/2021;;0;43277.15;43277.15;;;31/03/2021;;;;;20;Y;31/03/2021
343;274380;DECALIA SICAV-CIRCULAR ECONOMY;USD;;;;;;;23/03/2021;0;Purchase spot contract ~;23/03/2021;;0;168433.52;168433.52;;;31/03/2021;;;;;20;Y;31/03/2021
343;274380;DECALIA SICAV-CIRCULAR ECONOMY;USD;;;;;;;22/03/2021;0;Purchase spot contract ~;22/03/2021;;0;27855;27855;;;31/03/2021;;;;;20;Y;31/03/2021
343;274380;DECALIA SICAV-CIRCULAR ECONOMY;USD;;;;;;;22/03/2021;0;Purchase spot contract ~;22/03/2021;;0;54549;54549;;;31/03/2021;;;;;20;Y;31/03/2021
343;274380;DECALIA SICAV-CIRCULAR ECONOMY;USD;;Purchase forward contract ~ Bought EUR 837,164.82 Sold USD 999,000.00;;EUR;1.193313;1.193313;15/03/2021;0;Purchase forward contract ~;15/03/2021;USD;0;837164.82;837164.82;712298.338438;.850846;31/03/2021;;;1.193313;;20;Y;31/03/2021
343;274380;DECALIA SICAV-CIRCULAR ECONOMY;USD;;;;;;;12/03/2021;0;Purchase spot contract ~;12/03/2021;;0;330000;330000;;;31/03/2021;;;;;20;Y;31/03/2021
343;274380;DECALIA SICAV-CIRCULAR ECONOMY;USD;;;;;;;10/03/2021;0;Purchase spot contract ~;10/03/2021;;0;828541.7;828541.7;;;31/03/2021;;;;;20;N;31/03/2021
343;274380;DECALIA SICAV-CIRCULAR ECONOMY;USD;;;;;;;05/03/2021;0;Purchase spot contract ~;05/03/2021;;0;212296;212296;;;31/03/2021;;;;;20;Y;31/03/2021
343;274380;DECALIA SICAV-CIRCULAR ECONOMY;USD;;Repayment forward contract ~ Bought CHF 793,087.56 Sold USD 891,000.00;;CHF;.890109;.804703;10/02/2021;0;Purchase forward contract ~;10/02/2021;USD;0;793087.56;793087.56;674795.378076;.850846;31/03/2021;;;.890109;;40;Y;31/03/2021
343;274380;DECALIA SICAV-CIRCULAR ECONOMY;USD;;;;;;;17/02/2021;0;Purchase spot contract ~;17/02/2021;;0;26856;26856;;;31/03/2021;;;;;20;Y;31/03/2021
343;274380;DECALIA SICAV-CIRCULAR ECONOMY;USD;;;;;;;16/02/2021;0;Purchase spot contract ~;16/02/2021;;0;381000;381000;;;31/03/2021;;;;;20;Y;31/03/2021
343;274380;DECALIA SICAV-CIRCULAR ECONOMY;USD;;Purchase forward contract ~ Bought CHF 339,974.76 Sold USD 381,000.00;;CHF;.892322;.806704;16/02/2021;0;Purchase forward contract ~;16/02/2021;USD;0;339974.76;339974.76;289266.164647;.850846;31/03/2021;;;.892322;;20;Y;31/03/2021
343;274380;DECALIA SICAV-CIRCULAR ECONOMY;USD;;;;;;;12/02/2021;0;Purchase spot contract ~;12/02/2021;;0;96743.43;96743.43;;;31/03/2021;;;;;20;Y;31/03/2021
343;274380;DECALIA SICAV-CIRCULAR ECONOMY;USD;;;;;;;10/02/2021;0;Purchase spot contract ~;10/02/2021;;0;891000;891000;;;31/03/2021;;;;;20;Y;31/03/2021
343;274380;DECALIA SICAV-CIRCULAR ECONOMY;USD;;;;;;;09/02/2021;0;Purchase spot contract ~;09/02/2021;;0;671000;671000;;;31/03/2021;;;;;20;Y;31/03/2021
343;274380;DECALIA SICAV-CIRCULAR ECONOMY;USD;;;;;;;05/02/2021;0;Purchase spot contract ~;05/02/2021;;0;150000;150000;;;31/03/2021;;;;;20;N;31/03/2021
343;274380;DECALIA SICAV-CIRCULAR ECONOMY;USD;;;;;;;04/02/2021;0;Purchase spot contract ~;04/02/2021;;0;90000000;90000000;;;31/03/2021;;;;;20;N;31/03/2021
343;274380;DECALIA SICAV-CIRCULAR ECONOMY;USD;;;;;;;03/02/2021;0;Purchase spot contract ~;03/02/2021;;0;109447.5;109447.5;;;31/03/2021;;;;;20;Y;31/03/2021
343;274380;DECALIA SICAV-CIRCULAR ECONOMY;USD;;;;;;;27/01/2021;0;Purchase spot contract ~;27/01/2021;;0;27494093.78;27494093.78;;;31/03/2021;;;;;20;Y;31/03/2021
343;274380;DECALIA SICAV-CIRCULAR ECONOMY;USD;;Purchase forward contract ~ Bought EUR 22,670,679.92 Sold USD 27,494,093.78;;EUR;1.21276;1.21276;27/01/2021;0;Purchase forward contract ~;27/01/2021;USD;0;22670679.92;22670679.92;19289257.327212;.850846;31/03/2021;;;1.21276;;20;Y;31/03/2021
343;274380;DECALIA SICAV-CIRCULAR ECONOMY;USD;;;;;;;26/01/2021;0;Purchase spot contract ~;26/01/2021;;0;320000;320000;;;31/03/2021;;;;;20;N;31/03/2021
343;274380;DECALIA SICAV-CIRCULAR ECONOMY;USD;;;;;;;26/01/2021;0;Purchase spot contract ~;26/01/2021;;0;3921108.14;3921108.14;;;31/03/2021;;;;;20;N;31/03/2021
343;274380;DECALIA SICAV-CIRCULAR ECONOMY;USD;;;;;;;12/01/2021;0;Purchase spot contract ~;12/01/2021;;0;148775;148775;;;31/03/2021;;;;;20;Y;31/03/2021
343;274380;DECALIA SICAV-CIRCULAR ECONOMY;USD;;;;;;;11/01/2021;0;Purchase spot contract ~;11/01/2021;;0;749102.39;749102.39;;;31/03/2021;;;;;20;N;31/03/2021
343;274380;DECALIA SICAV-CIRCULAR ECONOMY;USD;;;;;;;08/01/2021;0;Purchase spot contract ~;08/01/2021;;0;180182.99;180182.99;;;31/03/2021;;;;;20;Y;31/03/2021
343;274380;DECALIA SICAV-CIRCULAR ECONOMY;USD;US0378331005;APPLE;share;USD;123.5475;105.119896;24/02/2021;1;Sale on stock market ~;24/02/2021;USD;8000;988380;988380;840959.16948;.850846;31/03/2021;;;123.5475;;20;N;31/03/2021
343;274380;DECALIA SICAV-CIRCULAR ECONOMY;USD;US8725401090;TJX;share;USD;67.079946;57.074704;16/03/2021;1;Purchase on stock market ~;16/03/2021;USD;8000;536639.58;536639.58;456597.640085;.850846;31/03/2021;;;67.079946;;20;N;31/03/2021
343;274380;DECALIA SICAV-CIRCULAR ECONOMY;USD;US2546871060;WALT DISNEY;share;USD;186.81075;158.947179;26/02/2021;1;Purchase on stock market ~;26/02/2021;USD;2000.00002;373621.51;373621.51;317894.367297;.850846;31/03/2021;;;186.81075;;20;N;31/03/2021
343;274380;DECALIA SICAV-CIRCULAR ECONOMY;USD;US29786A1060;ETSY;share;USD;204.50746;174.004354;12/01/2021;1;Purchase on stock market ~;12/01/2021;USD;4000;818029.84;818029.84;696017.417245;.850846;31/03/2021;;;204.50746;;20;N;31/03/2021
343;274380;DECALIA SICAV-CIRCULAR ECONOMY;USD;FR0000131906;RENAULT;share;EUR;36.713568;36.713568;03/02/2021;.832467;Purchase on stock market ~;03/02/2021;EUR;18000.00018;660844.23;793839.12;660844.23;1;31/03/2021;;;36.713568;;20;N;31/03/2021
343;274380;DECALIA SICAV-CIRCULAR ECONOMY;USD;US74834L1008;QUEST DIAGNOSTICS;share;USD;124.471291;105.9059;12/01/2021;1;Purchase on stock market ~;12/01/2021;USD;4500;560120.81;560120.81;476576.550705;.850846;31/03/2021;;;124.471291;;20;N;31/03/2021
343;274380;DECALIA SICAV-CIRCULAR ECONOMY;USD;US50540R4092;LABORATORY CORP AMERICA HOLDINGS;share;USD;235.935208;200.744528;16/02/2021;1;Sale on stock market ~;16/02/2021;USD;2500;589838.02;589838.02;501861.319965;.850846;31/03/2021;;;235.935208;;20;N;31/03/2021
343;274380;DECALIA SICAV-CIRCULAR ECONOMY;USD;DK0010268606;VESTAS WIND SYSTEMS;share;DKK;1497.11625;201.299257;12/01/2021;6.1178;Sale on stock market ~;12/01/2021;DKK;2000;2994232.51;489429.6;402598.51483;.134458;31/03/2021;;;1497.11625;;20;N;31/03/2021
343;274380;DECALIA SICAV-CIRCULAR ECONOMY;USD;GB00B1CRLC47;MONDI (GBP);share;GBP;18.579296;21.810477;12/01/2021;.73408;Purchase on stock market ~;12/01/2021;GBP;15000;278689.44;379644.69;327157.156579;1.173913;31/03/2021;;;18.579296;;20;N;31/03/2021
343;274380;DECALIA SICAV-CIRCULAR ECONOMY;USD;US8545021011;STANLEY BLACK & DECKER;share;USD;200.40235;170.511538;30/03/2021;1;Purchase on stock market ~;30/03/2021;USD;1000;200402.35;200402.35;170511.537888;.850846;31/03/2021;;;200.40235;;20;N;31/03/2021
343;274380;DECALIA SICAV-CIRCULAR ECONOMY;USD;US8545021011;STANLEY BLACK & DECKER;share;USD;193.360953;164.520393;17/03/2021;1;Purchase on stock market ~;17/03/2021;USD;3000.00003;580082.86;580082.86;493561.1811;.850846;31/03/2021;;;193.360953;;20;N;31/03/2021
343;274380;DECALIA SICAV-CIRCULAR ECONOMY;USD;NL0000009827;KONINKLIJKE DSM;share;EUR;139.239111;139.239111;07/01/2021;.815694;Sale on stock market ~;07/01/2021;EUR;2204;306883;376223.2;306883;1;31/03/2021;;;139.239111;;20;N;31/03/2021
343;274380;DECALIA SICAV-CIRCULAR ECONOMY;USD;NL0010583399;CORBION;share;EUR;46.223684;46.223684;27/01/2021;.827062;Sale on stock market ~;27/01/2021;EUR;6366;294259.97;355789.45;294259.97;1;31/03/2021;;;46.223684;;20;N;31/03/2021
343;274380;DECALIA SICAV-CIRCULAR ECONOMY;USD;NL0010583399;CORBION;share;EUR;47.27069;47.27069;08/01/2021;.815927;Sale on stock market ~;08/01/2021;EUR;725.000007;34271.25;42002.84;34271.25;1;31/03/2021;;;47.27069;;20;N;31/03/2021
343;274380;DECALIA SICAV-CIRCULAR ECONOMY;USD;US00724F1012;ADOBE;share;USD;478.0375;406.736295;07/01/2021;1;Purchase on stock market ~;07/01/2021;USD;800;382430;382430;325389.03578;.850846;31/03/2021;;;478.0375;;20;N;31/03/2021
343;274380;DECALIA SICAV-CIRCULAR ECONOMY;USD;NZATME0002S8;THE A2 MILK;share;AUD;8.643147;5.601165;26/02/2021;1.291656;Sale on stock market ~;26/02/2021;AUD;100000.001;864314.65;669152.16;560116.515989;.648047;31/03/2021;;;8.643147;;20;N;31/03/2021
343;274380;DECALIA SICAV-CIRCULAR ECONOMY;USD;US2172041061;COPART;share;USD;122.76279;104.452229;04/01/2021;1;Purchase on stock market ~;04/01/2021;USD;3999.99996;491051.16;491051.16;417808.915281;.850846;31/03/2021;;;122.76279;;20;N;31/03/2021
343;274380;DECALIA SICAV-CIRCULAR ECONOMY;USD;JP3921290007;MERCARI;share;JPY;5340;41.118;25/01/2021;103.779964;Purchase on stock market ~;25/01/2021;JPY;8000.00008;42720000.43;411640.15;328944.003311;.0077;31/03/2021;;;5340;;20;N;31/03/2021
343;274380;DECALIA SICAV-CIRCULAR ECONOMY;USD;US9288811014;VONTIER;share;USD;31.658329;26.936363;11/03/2021;1;Purchase on stock market ~;11/03/2021;USD;15000;474874.95;474874.95;404045.451708;.850846;31/03/2021;;;31.658329;;20;N;31/03/2021
343;274380;DECALIA SICAV-CIRCULAR ECONOMY;USD;US9288811014;VONTIER;share;USD;32.965919;28.04892;25/02/2021;1;Purchase on stock market ~;25/02/2021;USD;25000;824147.99;824147.99;701223.0207;.850846;31/03/2021;;;32.965919;;20;N;31/03/2021
343;274380;DECALIA SICAV-CIRCULAR ECONOMY;USD;;Repayment forward contract ~ Bought USD 446,866.58 Sold EUR 377,000.00;;USD;1.185322;1.008526;08/03/2021;0;Purchase forward contract ~;08/03/2021;EUR;0;446866.58;446866.58;446866.58;1;31/03/2021;;;1.185322;;40;Y;31/03/2021
343;274380;DECALIA SICAV-CIRCULAR ECONOMY;USD;;;;;;;29/03/2021;0;Purchase spot contract ~;29/03/2021;;0;15280288.55;15280288.55;;;31/03/2021;;;;;20;Y;31/03/2021
343;274380;DECALIA SICAV-CIRCULAR ECONOMY;USD;;;;;;;25/03/2021;0;Purchase spot contract ~;25/03/2021;;0;135505;135505;;;31/03/2021;;;;;20;Y;31/03/2021
343;274380;DECALIA SICAV-CIRCULAR ECONOMY;USD;;;;;;;25/03/2021;0;Purchase spot contract ~;25/03/2021;;0;264051;264051;;;31/03/2021;;;;;20;Y;31/03/2021
343;274380;DECALIA SICAV-CIRCULAR ECONOMY;USD;;;;;;;24/03/2021;0;Purchase spot contract ~;24/03/2021;;0;104702;104702;;;31/03/2021;;;;;20;Y;31/03/2021
343;274380;DECALIA SICAV-CIRCULAR ECONOMY;USD;;;;;;;24/03/2021;0;Purchase spot contract ~;24/03/2021;;0;202792;202792;;;31/03/2021;;;;;20;Y;31/03/2021
343;274380;DECALIA SICAV-CIRCULAR ECONOMY;USD;;;;;;;19/03/2021;0;Purchase spot contract ~;19/03/2021;;0;154250;154250;;;31/03/2021;;;;;20;Y;31/03/2021
343;274380;DECALIA SICAV-CIRCULAR ECONOMY;USD;;;;;;;15/03/2021;0;Purchase spot contract ~;15/03/2021;;0;10856;10856;;;31/03/2021;;;;;20;Y;31/03/2021
343;274380;DECALIA SICAV-CIRCULAR ECONOMY;USD;;;;;;;08/03/2021;0;Purchase spot contract ~;08/03/2021;;0;843246.66;843246.66;;;31/03/2021;;;;;20;N;31/03/2021
343;274380;DECALIA SICAV-CIRCULAR ECONOMY;USD;;;;;;;04/03/2021;0;Purchase spot contract ~;04/03/2021;;0;801000;801000;;;31/03/2021;;;;;20;Y;31/03/2021
343;274380;DECALIA SICAV-CIRCULAR ECONOMY;USD;;;;;;;03/03/2021;0;Purchase spot contract ~;03/03/2021;;0;62153;62153;;;31/03/2021;;;;;20;Y;31/03/2021
343;274380;DECALIA SICAV-CIRCULAR ECONOMY;USD;;;;;;;03/03/2021;0;Purchase spot contract ~;03/03/2021;;0;180000;180000;;;31/03/2021;;;;;20;N;31/03/2021
343;274380;DECALIA SICAV-CIRCULAR ECONOMY;USD;;;;;;;02/03/2021;0;Purchase spot contract ~;02/03/2021;;0;253513.69;253513.69;;;31/03/2021;;;;;20;Y;31/03/2021
343;274380;DECALIA SICAV-CIRCULAR ECONOMY;USD;;Purchase forward contract ~ Bought USD 469,608.56 Sold EUR 390,000.00;;USD;1.204125;1.024525;02/03/2021;0;Purchase forward contract ~;02/03/2021;EUR;0;469608.56;469608.56;469608.56;1;31/03/2021;;;1.204125;;20;Y;31/03/2021
343;274380;DECALIA SICAV-CIRCULAR ECONOMY;USD;;;;;;;26/02/2021;0;Purchase spot contract ~;26/02/2021;;0;196222;196222;;;31/03/2021;;;;;20;Y;31/03/2021
343;274380;DECALIA SICAV-CIRCULAR ECONOMY;USD;;;;;;;26/02/2021;0;Purchase spot contract ~;26/02/2021;;0;652987.98;652987.98;;;31/03/2021;;;;;20;N;31/03/2021
343;274380;DECALIA SICAV-CIRCULAR ECONOMY;USD;;;;;;;24/02/2021;0;Purchase spot contract ~;24/02/2021;;0;53634;53634;;;31/03/2021;;;;;20;Y;31/03/2021
343;274380;DECALIA SICAV-CIRCULAR ECONOMY;USD;;;;;;;24/02/2021;0;Purchase spot contract ~;24/02/2021;;0;15832437.24;15832437.24;;;31/03/2021;;;;;20;Y;31/03/2021
343;274380;DECALIA SICAV-CIRCULAR ECONOMY;USD;;Repayment forward contract ~ Bought CHF 339,974.76 Sold USD 381,000.00;;CHF;.892322;.806704;16/02/2021;0;Purchase forward contract ~;16/02/2021;USD;0;339974.76;339974.76;289266.164647;.850846;31/03/2021;;;.892322;;40;Y;31/03/2021
343;274380;DECALIA SICAV-CIRCULAR ECONOMY;USD;;Repayment forward contract ~ Bought CHF 380,287.14 Sold USD 429,000.00;;CHF;.88645;.801395;28/01/2021;0;Purchase forward contract ~;28/01/2021;USD;0;380287.14;380287.14;323565.79192;.850846;31/03/2021;;;.88645;;40;Y;31/03/2021
343;274380;DECALIA SICAV-CIRCULAR ECONOMY;USD;;Repayment forward contract ~ Bought EUR 565,645.70 Sold USD 685,000.00;;EUR;1.211005;1.211005;16/02/2021;0;Purchase forward contract ~;16/02/2021;USD;0;565645.7;565645.7;481277.381262;.850846;31/03/2021;;;1.211005;;40;Y;31/03/2021
343;274380;DECALIA SICAV-CIRCULAR ECONOMY;USD;;;;;;;22/02/2021;0;Purchase spot contract ~;22/02/2021;;0;16210.07;16210.07;;;31/03/2021;;;;;20;Y;31/03/2021
343;274380;DECALIA SICAV-CIRCULAR ECONOMY;USD;;;;;;;19/02/2021;0;Purchase spot contract ~;19/02/2021;;0;50866;50866;;;31/03/2021;;;;;20;Y;31/03/2021
343;274380;DECALIA SICAV-CIRCULAR ECONOMY;USD;;;;;;;19/02/2021;0;Purchase spot contract ~;19/02/2021;;0;310000;310000;;;31/03/2021;;;;;20;N;31/03/2021
343;274380;DECALIA SICAV-CIRCULAR ECONOMY;USD;;;;;;;19/02/2021;0;Purchase spot contract ~;19/02/2021;;0;680000;680000;;;31/03/2021;;;;;20;N;31/03/2021
343;274380;DECALIA SICAV-CIRCULAR ECONOMY;USD;;;;;;;18/02/2021;0;Purchase spot contract ~;18/02/2021;;0;248240;248240;;;31/03/2021;;;;;20;Y;31/03/2021
343;274380;DECALIA SICAV-CIRCULAR ECONOMY;USD;;;;;;;11/02/2021;0;Purchase spot contract ~;11/02/2021;;0;19998.85;19998.85;;;31/03/2021;;;;;20;Y;31/03/2021
343;274380;DECALIA SICAV-CIRCULAR ECONOMY;USD;;Purchase forward contract ~ Bought EUR 354,357.50 Sold USD 430,000.00;;EUR;1.213464;1.213464;10/02/2021;0;Purchase forward contract ~;10/02/2021;USD;0;354357.5;354357.5;301503.661445;.850846;31/03/2021;;;1.213464;;20;Y;31/03/2021
343;274380;DECALIA SICAV-CIRCULAR ECONOMY;USD;;;;;;;08/02/2021;0;Purchase spot contract ~;08/02/2021;;0;422588.47;422588.47;;;31/03/2021;;;;;20;N;31/03/2021
343;274380;DECALIA SICAV-CIRCULAR ECONOMY;USD;;;;;;;05/02/2021;0;Purchase spot contract ~;05/02/2021;;0;16616.2;16616.2;;;31/03/2021;;;;;20;Y;31/03/2021
343;274380;DECALIA SICAV-CIRCULAR ECONOMY;USD;;;;;;;04/02/2021;0;Purchase spot contract ~;04/02/2021;;0;425000;425000;;;31/03/2021;;;;;20;Y;31/03/2021
343;274380;DECALIA SICAV-CIRCULAR ECONOMY;USD;;;;;;;28/01/2021;0;Purchase spot contract ~;28/01/2021;;0;429000;429000;;;31/03/2021;;;;;20;Y;31/03/2021
343;274380;DECALIA SICAV-CIRCULAR ECONOMY;USD;;;;;;;28/01/2021;0;Purchase spot contract ~;28/01/2021;;0;300231;300231;;;31/03/2021;;;;;20;Y;31/03/2021
343;274380;DECALIA SICAV-CIRCULAR ECONOMY;USD;;Purchase forward contract ~ Bought CHF 380,287.14 Sold USD 429,000.00;;CHF;.88645;.801395;28/01/2021;0;Purchase forward contract ~;28/01/2021;USD;0;380287.14;380287.14;323565.79192;.850846;31/03/2021;;;.88645;;20;Y;31/03/2021
343;274380;DECALIA SICAV-CIRCULAR ECONOMY;USD;;;;;;;27/01/2021;0;Purchase spot contract ~;27/01/2021;;0;43772.77;43772.77;;;31/03/2021;;;;;20;Y;31/03/2021
343;274380;DECALIA SICAV-CIRCULAR ECONOMY;USD;;;;;;;27/01/2021;0;Purchase spot contract ~;27/01/2021;;0;14931828.91;14931828.91;;;31/03/2021;;;;;20;Y;31/03/2021
343;274380;DECALIA SICAV-CIRCULAR ECONOMY;USD;;;;;;;26/01/2021;0;Purchase spot contract ~;26/01/2021;;0;107995;107995;;;31/03/2021;;;;;20;Y;31/03/2021
343;274380;DECALIA SICAV-CIRCULAR ECONOMY;USD;;;;;;;25/01/2021;0;Purchase spot contract ~;25/01/2021;;0;45000000.45;45000000.45;;;31/03/2021;;;;;20;N;31/03/2021
343;274380;DECALIA SICAV-CIRCULAR ECONOMY;USD;;;;;;;22/01/2021;0;Purchase spot contract ~;22/01/2021;;0;35876.13;35876.13;;;31/03/2021;;;;;20;Y;31/03/2021
343;274380;DECALIA SICAV-CIRCULAR ECONOMY;USD;;;;;;;15/01/2021;0;Purchase spot contract ~;15/01/2021;;0;74784;74784;;;31/03/2021;;;;;20;Y;31/03/2021
343;274380;DECALIA SICAV-CIRCULAR ECONOMY;USD;;;;;;;12/01/2021;0;Purchase spot contract ~;12/01/2021;;0;488000;488000;;;31/03/2021;;;;;20;Y;31/03/2021
343;274380;DECALIA SICAV-CIRCULAR ECONOMY;USD;;;;;;;12/01/2021;0;Purchase spot contract ~;12/01/2021;;0;758617.05;758617.05;;;31/03/2021;;;;;20;N;31/03/2021
343;274380;DECALIA SICAV-CIRCULAR ECONOMY;USD;;;;;;;07/01/2021;0;Purchase spot contract ~;07/01/2021;;0;980137.6;980137.6;;;31/03/2021;;;;;20;N;31/03/2021
343;274380;DECALIA SICAV-CIRCULAR ECONOMY;USD;;;;;;;05/01/2021;0;Purchase spot contract ~;05/01/2021;;0;98708;98708;;;31/03/2021;;;;;20;Y;31/03/2021
343;274380;DECALIA SICAV-CIRCULAR ECONOMY;USD;US02079K3059;ALPHABET 'A';share;USD;2058.79;1751.713236;05/03/2021;1;Purchase on stock market ~;05/03/2021;USD;100;205879;205879;175171.323634;.850846;31/03/2021;;;2058.79;;20;N;31/03/2021
343;274380;DECALIA SICAV-CIRCULAR ECONOMY;USD;US02079K3059;ALPHABET 'A';share;USD;2014.30625;1713.864416;26/02/2021;1;Purchase on stock market ~;26/02/2021;USD;400.000004;805722.51;805722.51;685545.774743;.850846;31/03/2021;;;2014.30625;;20;N;31/03/2021
343;274380;DECALIA SICAV-CIRCULAR ECONOMY;USD;US02079K3059;ALPHABET 'A';share;USD;2113.695;1798.428936;19/02/2021;1;Sale on stock market ~;19/02/2021;USD;200;422739;422739;359685.787194;.850846;31/03/2021;;;2113.695;;20;N;31/03/2021
343;274380;DECALIA SICAV-CIRCULAR ECONOMY;USD;US03662Q1058;ANSYS;share;USD;380.5461;323.786127;05/02/2021;1;Purchase on stock market ~;05/02/2021;USD;500;190273.05;190273.05;161893.0635;.850846;31/03/2021;;;380.5461;;20;N;31/03/2021
343;274380;DECALIA SICAV-CIRCULAR ECONOMY;USD;US0231351067;AMAZON.COM;share;USD;3311.076667;2817.216338;26/01/2021;1;Sale on stock market ~;26/01/2021;USD;150.000003;496661.5;496661.5;422582.450629;.850846;31/03/2021;;;3311.076667;;20;N;31/03/2021
343;274380;DECALIA SICAV-CIRCULAR ECONOMY;USD;US0231351067;AMAZON.COM;share;USD;3299.7056;2807.541311;22/01/2021;1;Sale on stock market ~;22/01/2021;USD;150.000002;494955.84;494955.84;421131.196641;.850846;31/03/2021;;;3299.7056;;20;N;31/03/2021
343;274380;DECALIA SICAV-CIRCULAR ECONOMY;USD;IT0003128367;ENEL;share;EUR;8.482999;8.482999;03/02/2021;.832467;Purchase on stock market ~;03/02/2021;EUR;30000.0003;254489.97;305706.09;254489.97;1;31/03/2021;;;8.482999;;20;N;31/03/2021
343;274380;DECALIA SICAV-CIRCULAR ECONOMY;USD;GB00BVYVFW23;AUTO TRADER GROUP;share;GBP;6.140778;7.208739;19/02/2021;.713597;Purchase on stock market ~;19/02/2021;GBP;50000;307038.9;430269.27;360436.956216;1.173913;31/03/2021;;;6.140778;;20;N;31/03/2021
343;274380;DECALIA SICAV-CIRCULAR ECONOMY;USD;GB00BVYVFW23;AUTO TRADER GROUP;share;GBP;5.626;6.604435;19/01/2021;.73443;Purchase on stock market ~;19/01/2021;GBP;19999.9998;112520;153207.34;132088.69076;1.173913;31/03/2021;;;5.626;;20;N;31/03/2021
343;274380;DECALIA SICAV-CIRCULAR ECONOMY;USD;DK0010268606;VESTAS WIND SYSTEMS;share;DKK;1058.87195;142.373805;08/03/2021;6.271;Sale on stock market ~;08/03/2021;DKK;5000;5294359.76;844260.83;711869.02461;.134458;31/03/2021;;;1058.87195;;20;N;31/03/2021
343;274380;DECALIA SICAV-CIRCULAR ECONOMY;USD;GB00B1CRLC47;MONDI (GBP);share;GBP;17.852178;20.956904;24/02/2021;.709321;Purchase on stock market ~;24/02/2021;GBP;6000;107113.07;151008.01;125741.425343;1.173913;31/03/2021;;;17.852178;;20;N;31/03/2021
343;274380;DECALIA SICAV-CIRCULAR ECONOMY;USD;US8545021011;STANLEY BLACK & DECKER;share;USD;190.199002;161.83006;16/03/2021;1;Purchase on stock market ~;16/03/2021;USD;6000;1141194.01;1141194.01;970980.358632;.850846;31/03/2021;;;190.199002;;20;N;31/03/2021
343;274380;DECALIA SICAV-CIRCULAR ECONOMY;USD;SE0009922164;ESSITY 'B';share;SEK;269.033833;26.262007;05/02/2021;8.3902;Sale on stock market ~;05/02/2021;SEK;30000;8071014.98;961957.43;787860.198288;.097616;31/03/2021;;;269.033833;;20;N;31/03/2021
343;274380;DECALIA SICAV-CIRCULAR ECONOMY;USD;DK0060534915;NOVO NORDISK 'B';share;DKK;423.95;57.003469;06/01/2021;6.05775;Purchase on stock market ~;06/01/2021;DKK;2999.99997;1271849.99;209954.19;171010.405955;.134458;31/03/2021;;;423.95;;20;N;31/03/2021
343;274380;DECALIA SICAV-CIRCULAR ECONOMY;USD;NL0000687663;AERCAP HOLDINGS;share;USD;50.15371;42.673084;05/03/2021;1;Purchase on stock market ~;05/03/2021;USD;5000;250768.55;250768.55;213365.417693;.850846;31/03/2021;;;50.15371;;20;N;31/03/2021
343;274380;DECALIA SICAV-CIRCULAR ECONOMY;USD;US1890541097;CLOROX;share;USD;188.800107;160.639816;09/03/2021;1;Purchase on stock market ~;09/03/2021;USD;1500;283200.16;283200.16;240959.723335;.850846;31/03/2021;;;188.800107;;20;N;31/03/2021
343;274380;DECALIA SICAV-CIRCULAR ECONOMY;USD;US1890541097;CLOROX;share;USD;192.976693;164.193447;14/01/2021;1;Purchase on stock market ~;14/01/2021;USD;1500;289465.03;289465.03;246290.162915;.850846;31/03/2021;;;192.976693;;20;N;31/03/2021
343;274380;DECALIA SICAV-CIRCULAR ECONOMY;USD;US87612E1064;TARGET;share;USD;178.992167;152.294769;16/03/2021;1;Purchase on stock market ~;16/03/2021;USD;3000;536976.5;536976.5;456884.307119;.850846;31/03/2021;;;178.992167;;20;N;31/03/2021
343;274380;DECALIA SICAV-CIRCULAR ECONOMY;USD;JP3756600007;NINTENDO;share;JPY;65820;506.814;02/03/2021;106.725061;Purchase on stock market ~;02/03/2021;JPY;300;19746000.01;185017.46;152044.200077;.0077;31/03/2021;;;65820;;20;N;31/03/2021
343;274380;DECALIA SICAV-CIRCULAR ECONOMY;USD;US30057T1051;EVOQUA WATER TECHNOLOGIES;share;USD;24.805643;21.105782;24/02/2021;1;Purchase on stock market ~;24/02/2021;USD;7000;173639.49;173639.49;147740.465509;.850846;31/03/2021;;;24.805643;;20;N;31/03/2021
343;274380;DECALIA SICAV-CIRCULAR ECONOMY;USD;US30057T1051;EVOQUA WATER TECHNOLOGIES;share;USD;24.826545;21.123567;19/02/2021;1;Purchase on stock market ~;19/02/2021;USD;12000;297918.54;297918.54;253482.798085;.850846;31/03/2021;;;24.826545;;20;N;31/03/2021
343;274380;DECALIA SICAV-CIRCULAR ECONOMY;USD;US30057T1051;EVOQUA WATER TECHNOLOGIES;share;USD;30.517031;25.965294;22/01/2021;1;Purchase on stock market ~;22/01/2021;USD;26000.00026;793442.82;793442.82;675097.649626;.850846;31/03/2021;;;30.517031;;20;N;31/03/2021
343;274380;DECALIA SICAV-CIRCULAR ECONOMY;USD;JP3866800000;PANASONIC;share;JPY;1450;11.165;04/02/2021;105.419982;Purchase on stock market ~;04/02/2021;JPY;60000;87000000;825270.49;669900;.0077;31/03/2021;;;1450;;20;N;31/03/2021
343;274380;DECALIA SICAV-CIRCULAR ECONOMY;USD;;;;;;;31/03/2021;0;Purchase spot contract ~;31/03/2021;;0;412000;412000;;;31/03/2021;;;;;20;Y;31/03/2021
343;274380;DECALIA SICAV-CIRCULAR ECONOMY;USD;;Purchase forward contract ~ Bought EUR 25,409,355.93 Sold USD 29,927,520.55;;EUR;1.177815;1.177815;29/03/2021;0;Purchase forward contract ~;29/03/2021;USD;0;25409355.93;25409355.93;21619448.855617;.850846;31/03/2021;;;1.177815;;20;Y;31/03/2021
343;274380;DECALIA SICAV-CIRCULAR ECONOMY;USD;;;;;;;29/03/2021;0;Purchase spot contract ~;29/03/2021;;0;238841.73;238841.73;;;31/03/2021;;;;;20;Y;31/03/2021
343;274380;DECALIA SICAV-CIRCULAR ECONOMY;USD;;;;;;;19/03/2021;0;Purchase spot contract ~;19/03/2021;;0;79383;79383;;;31/03/2021;;;;;20;Y;31/03/2021
343;274380;DECALIA SICAV-CIRCULAR ECONOMY;USD;;;;;;;19/03/2021;0;Purchase spot contract ~;19/03/2021;;0;399999.99;399999.99;;;31/03/2021;;;;;20;N;31/03/2021
343;274380;DECALIA SICAV-CIRCULAR ECONOMY;USD;;;;;;;17/03/2021;0;Purchase spot contract ~;17/03/2021;;0;29892;29892;;;31/03/2021;;;;;20;Y;31/03/2021
343;274380;DECALIA SICAV-CIRCULAR ECONOMY;USD;;;;;;;17/03/2021;0;Purchase spot contract ~;17/03/2021;;0;80000000.8;80000000.8;;;31/03/2021;;;;;20;N;31/03/2021
343;274380;DECALIA SICAV-CIRCULAR ECONOMY;USD;;;;;;;16/03/2021;0;Purchase spot contract ~;16/03/2021;;0;36283.33;36283.33;;;31/03/2021;;;;;20;Y;31/03/2021
343;274380;DECALIA SICAV-CIRCULAR ECONOMY;USD;;;;;;;15/03/2021;0;Purchase spot contract ~;15/03/2021;;0;999000;999000;;;31/03/2021;;;;;20;Y;31/03/2021
343;274380;DECALIA SICAV-CIRCULAR ECONOMY;USD;;Purchase forward contract ~ Bought USD 406,280.02 Sold CHF 380,000.00;;USD;.935315;.795809;08/03/2021;0;Purchase forward contract ~;08/03/2021;CHF;0;406280.02;406280.02;367297.452081;.90405;31/03/2021;;;.935315;;20;Y;31/03/2021
343;274380;DECALIA SICAV-CIRCULAR ECONOMY;USD;;;;;;;08/03/2021;0;Purchase spot contract ~;08/03/2021;;0;129332.67;129332.67;;;31/03/2021;;;;;20;Y;31/03/2021
343;274380;DECALIA SICAV-CIRCULAR ECONOMY;USD;;;;;;;05/03/2021;0;Purchase spot contract ~;05/03/2021;;0;415284;415284;;;31/03/2021;;;;;20;Y;31/03/2021
343;274380;DECALIA SICAV-CIRCULAR ECONOMY;USD;;Purchase forward contract ~ Bought USD 361,904.87 Sold CHF 331,000.00;;USD;.914605;.778188;01/03/2021;0;Purchase forward contract ~;01/03/2021;CHF;0;361904.87;361904.87;327180.097724;.90405;31/03/2021;;;.914605;;20;Y;31/03/2021
343;274380;DECALIA SICAV-CIRCULAR ECONOMY;USD;;Repayment forward contract ~ Bought USD 393,238.85 Sold EUR 327,000.00;;USD;1.202565;1.023198;02/02/2021;0;Purchase forward contract ~;02/02/2021;EUR;0;393238.85;393238.85;393238.85;1;31/03/2021;;;1.202565;;40;Y;31/03/2021
343;274380;DECALIA SICAV-CIRCULAR ECONOMY;USD;;;;;;;19/02/2021;0;Purchase spot contract ~;19/02/2021;;0;93520;93520;;;31/03/2021;;;;;20;Y;31/03/2021
343;274380;DECALIA SICAV-CIRCULAR ECONOMY;USD;;;;;;;15/02/2021;0;Purchase spot contract ~;15/02/2021;;0;105327.32;105327.32;;;31/03/2021;;;;;20;Y;31/03/2021
343;274380;DECALIA SICAV-CIRCULAR ECONOMY;USD;;;;;;;05/02/2021;0;Purchase spot contract ~;05/02/2021;;0;9748.56;9748.56;;;31/03/2021;;;;;20;Y;31/03/2021
343;274380;DECALIA SICAV-CIRCULAR ECONOMY;USD;;;;;;;03/02/2021;0;Purchase spot contract ~;03/02/2021;;0;184618.46;184618.46;;;31/03/2021;;;;;20;Y;31/03/2021
343;274380;DECALIA SICAV-CIRCULAR ECONOMY;USD;;;;;;;02/02/2021;0;Purchase spot contract ~;02/02/2021;;0;327000;327000;;;31/03/2021;;;;;20;Y;31/03/2021
343;274380;DECALIA SICAV-CIRCULAR ECONOMY;USD;;Repayment forward contract ~ Bought CHF 335,095.75 Sold USD 376,000.00;;CHF;.891212;.8057;11/01/2021;0;Purchase forward contract ~;11/01/2021;USD;0;335095.75;335095.75;285114.878505;.850846;31/03/2021;;;.891212;;40;Y;31/03/2021
343;274380;DECALIA SICAV-CIRCULAR ECONOMY;USD;;Repayment forward contract ~ Bought EUR 304,064.80 Sold USD 373,000.00;;EUR;1.226712;1.226712;07/01/2021;0;Purchase forward contract ~;07/01/2021;USD;0;304064.8;304064.8;258712.318821;.850846;31/03/2021;;;1.226712;;40;Y;31/03/2021
343;274380;DECALIA SICAV-CIRCULAR ECONOMY;USD;;;;;;;26/01/2021;0;Purchase spot contract ~;26/01/2021;;0;453000;453000;;;31/03/2021;;;;;20;Y;31/03/2021
343;274380;DECALIA SICAV-CIRCULAR ECONOMY;USD;;;;;;;21/01/2021;0;Purchase spot contract ~;21/01/2021;;0;232149.85;232149.85;;;31/03/2021;;;;;20;Y;31/03/2021
343;274380;DECALIA SICAV-CIRCULAR ECONOMY;USD;;;;;;;18/01/2021;0;Purchase spot contract ~;18/01/2021;;0;214191;214191;;;31/03/2021;;;;;20;Y;31/03/2021
343;274380;DECALIA SICAV-CIRCULAR ECONOMY;USD;;;;;;;14/01/2021;0;Purchase spot contract ~;14/01/2021;;0;18975.54;18975.54;;;31/03/2021;;;;;20;Y;31/03/2021
343;274380;DECALIA SICAV-CIRCULAR ECONOMY;USD;;;;;;;12/01/2021;0;Purchase spot contract ~;12/01/2021;;0;620300.25;620300.25;;;31/03/2021;;;;;20;N;31/03/2021
343;274380;DECALIA SICAV-CIRCULAR ECONOMY;USD;;Purchase forward contract ~ Bought CHF 335,095.75 Sold USD 376,000.00;;CHF;.891212;.8057;11/01/2021;0;Purchase forward contract ~;11/01/2021;USD;0;335095.75;335095.75;285114.878505;.850846;31/03/2021;;;.891212;;20;Y;31/03/2021
343;274380;DECALIA SICAV-CIRCULAR ECONOMY;USD;;;;;;;08/01/2021;0;Purchase spot contract ~;08/01/2021;;0;111585.89;111585.89;;;31/03/2021;;;;;20;Y;31/03/2021
343;274380;DECALIA SICAV-CIRCULAR ECONOMY;USD;;Purchase forward contract ~ Bought CHF 304,283.31 Sold USD 344,000.00;;CHF;.884545;.799673;07/01/2021;0;Purchase forward contract ~;07/01/2021;USD;0;304283.31;304283.31;258898.23718;.850846;31/03/2021;;;.884545;;20;Y;31/03/2021
343;274380;DECALIA SICAV-CIRCULAR ECONOMY;USD;;Purchase forward contract ~ Bought EUR 304,064.80 Sold USD 373,000.00;;EUR;1.226712;1.226712;07/01/2021;0;Purchase forward contract ~;07/01/2021;USD;0;304064.8;304064.8;258712.318821;.850846;31/03/2021;;;1.226712;;20;Y;31/03/2021
343;274380;DECALIA SICAV-CIRCULAR ECONOMY;USD;;;;;;;04/01/2021;0;Purchase spot contract ~;04/01/2021;;0;29592.41;29592.41;;;31/03/2021;;;;;20;Y;31/03/2021
